SampleID	IGLL5	MASP2	APOL1	CEP290	CD5L	FCN3	ATRN	ATRN.1	APOM	CP	F13A1	F2	C1R	HP	HPR	F9	F10	CFD	PLG	F12	CFB	CA1	ASS1	SERPINC1	SERPINA1	SERPINA3	AGT	A2M	C3	C5	CST3	KNG1	KNG1_2	IGF2	IGJ	KVD33	KV133	KVD16	KVD33_2	KVD33_3	KV139	KVD33_4	KVD28	KV320	KV320_2	LV144	LV147	LV140	LV211	LV319	LV325	LV321	HV169	HV146	HV348	HV323	HV313	HV353	HV330	HV333	HV333_2	HV330_2	HV307	HV307_2	HV439	PIGR	IGKC	IGHG1	IGHG2	IGHG3	IGHG4	IGHM	IGHA1	IGHA2	IGHD	HBD	APOA1	APOE	APOA2	APOC1	APOC2	APOC3	FGA	FGB	FGG	APCS	C1QA	C1QB	C1QC	C9	APOH	LRG1	FN1	RBP4	AMBP	ORM1	AHSG	TTR	ALB	GC	PPBP	PF4	TFRC	TF	HPX	F11	KLKB1	C4BPA	VTN	PROC	APOB	LCAT	HRG	KV320.1	KV315	LV743	A1BG	IGHM.1	VWF	SHBG	GAPDH	KV116	KV311	KV310	HV270	APOD	SERPINA5	SERPING1	CFI	F13B	CLEC3B	SERPINA7	SERPIND1	BCHE	KV230	KV320.2	LV151	LV657	LV657_2	HV434	GSN	C2	APOA4	ENO1	LDHB	PROS1	C8A	C8B	GP1BA	C8G	PFN1	THBS1	SERPINA6	MGP	LPA	CD14	PTPRC	CFH	SERPINF2	F7	DBH	C1S	C4A	C4B	IGLC2	SAA1	SAA2	C7	CLU	CLU.1	MBL2	MTHFD1	CETP	IGF2R	COL6A3	F5	MYH7	NCAM1	C6	LCP1	SELL	CPN1	DSP	IGFBP3	VCL	LBP	ORM2	ITIH2	ITIH1	TYMP	PZP	C4BPB	FLNA	SCP2	GPX3	CPN2	PROZ	HV102	FBLN1	FBLN1.1	AZGP1	ATP5A1	MSN	MST1	PON1	MAP4	CFP	SERPINA4	PRDX2	SAA4	MYH9	IGFALS	SERPINF1	CFHR2	TAGLN2	GP5	ACAA2	MCAM	BTD	AFM	CAPZB	MASP1	COMP	SEPP1	CAMP	LUM	HNRNPM	CRISP3	APOC4	PLTP	INHBC	LYZ	B2M	TPM4	ACTA1	HBB	HBA1	GPLD1	LV321.1	CFHR1	KRT17	HGFAC	ITIH3	LGALS3BP	EFEMP1	MMRN1	ILK	APOF	DYNC1H1	MYBPC2	HABP2	ITIH4	ARHGAP19	PCOLCE	PON3	FCN2	TGFBI	ADIPOQ	ECM1	ACTBL2	FRMPD1	VASN	PI16	NPHP3	SLFN11	FERMT3	PSTK	GPR116	ABCF1	TTN	CTTNBP2	CFHR4	FAM3C	NUP205	RYR2	PRG4	PRG4.1	CPB2	CNDP1	SCLT1	PGLYRP2	CDK5RAP2	OLFM1	SH3GL3	COLEC11	CFHR5	CDHR5	IL1RAP	IL1RAP.1	INPP5E	C1RL	FETUB	PCYOX1	SERPINA10	MAN2B2	ATP11B	TLN1	AFG3L2	LYVE1	FCGBP	ZNF10	FAM161B
ZOZOW1T-1013	2.889091	-3.48524	2.132138	-4.976074	-1.264688	1.003873	-1.166469	-2.992944	2.661346	5.96933	0.5157968	5.740814	2.073664	7.644099	1.751703	-0.4923902	0.6102996	-7.800394	5.605467	2.593666	5.754461	-3.616148	-3.868382	5.487419	7.946053	5.960381	3.648464	7.649574	9.128591	4.063967	-2.780295	3.353972	-6.156659	-4.549744	3.438242	-3.252645	-4.432538	-2.769567	-2.838686	-3.146367	-5.538875	-2.106272	-4.975662	-4.874449	0.8770221	-4.853817	-0.4152437	-2.197878	-5.629744	0.8044359	2.060977	-0.5104041	-4.968771	-4.71986	-2.850801	-1.641306	-1.868863	-2.628005	-3.458516	-5.122278	-3.554853	-4.744883	-1.352404	1.782095	-3.170719	-4.11021	5.65841	6.093975	3.584251	-0.3566979	3.281141	4.942884	6.201588	2.902485	-5.810797	-3.848138	8.204724	4.471939	5.032584	1.042652	2.132276	4.719076	10.43477	9.992992	9.135248	-1.891176	2.620481	1.234424	2.210354	2.938102	3.987157	4.183428	8.386345	2.282644	3.194587	7.132878	5.284515	-0.3146054	10.59617	6.427585	-0.1627001	-1.764791	-2.220536	9.705899	6.917016	-1.500586	2.143792	4.229383	5.468602	-3.66251	5.151113	-0.8839276	4.079414	-5.452425	1.771353	-0.01250523	5.47519	-1.123892	3.036903	-2.999765	-5.715761	-6.061527	2.664991	-6.576176	-2.646378	4.072617	-5.036544	3.575485	2.36613	0.6150113	-1.407403	-1.00378	3.794739	-1.348545	-3.102606	-6.811687	-2.190042	-3.537797	-5.840578	-3.417475	3.371326	2.574642	5.481639	0.6506159	-3.203646	2.396815	2.131588	1.063883	-3.76781	2.031202	-3.788351	-1.348612	0.3374261	-5.216317	2.039913	-0.8422118	-5.224097	5.747684	4.188438	-4.354756	-6.717409	2.651346	-5.374454	-0.08946961	-3.495389	-0.6194477	-3.601044	0.8517879	4.766581	4.108998	-4.334296	-3.645282	-4.513572	-3.296545	-4.449922	-0.5063435	-3.81098	-1.583357	2.035833	-5.645702	-3.642329	0.5480876	-4.497711	-0.3610119	-2.200554	-1.717193	4.161302	5.38133	4.6264	-0.4053469	-1.247633	-0.5440537	-2.27898	-3.33239	0.3187129	0.8523265	-1.838402	1.110486	-0.305151	-2.531419	3.949433	-7.360265	-2.909046	-2.669563	4.229595	1.445531	-2.829366	0.5391017	-7.658471	2.102455	-1.233578	2.219524	2.241438	-3.154164	-5.694709	-3.526987	-3.57586	-5.615782	-2.399813	3.846045	-3.702434	-1.652496	-4.867265	-0.07675242	-4.07298	1.113094	-2.841316	-7.502884	-4.058717	-2.479245	-6.037849	-3.396778	-3.559294	-3.998067	-1.646025	1.714754	1.710132	1.043311	0.09701081	-2.657939	-2.707163	-1.810669	1.492669	-2.670395	-1.828752	-3.866257	-3.546235	-1.155088	-5.119612	-6.002052	-1.027353	4.554688	-4.381083	-4.537421	-0.5224078	-2.523998	-2.337996	-2.79777	2.090055	-1.516127	-4.837858	-2.404546	-4.098415	-2.238996	-1.015139	-3.478271	-7.567682	-0.997277	-3.559993	-0.009926796	-3.036392	-5.395396	-6.245297	-5.284119	-1.039577	-3.494997	-4.399297	0.07570428	-0.643557	-7.57388	1.580976	-4.56651	-3.783664	-2.383628	-4.277645	-6.64774	1.936473	-3.884224	-3.875741	-3.441514	0.2552977	0.2275941	-2.97888	-2.449609	-3.713851	-0.5401031	-1.085205	-4.092226	-3.221125	-1.842757	-4.067586	-4.967957
ZOZOW1T-1015	3.557581	-5.187031	2.344245	-3.159375	-1.788122	0.4237069	-0.3813586	-2.145862	2.875468	4.459722	0.4495251	5.405778	1.444503	6.789072	2.314186	-0.2351668	1.025692	-3.336125	5.329224	2.640173	4.998447	-0.9256967	-2.48712	5.311194	7.853106	5.593942	3.472853	7.591851	8.586036	3.18644	-1.46578	2.712624	-4.646809	-3.787934	4.015293	-2.93011	-5.06947	-2.113868	-3.182888	-5.516937	-5.59365	-1.593232	-7.319194	-2.166363	-0.1925023	-2.737261	-1.253518	-3.294546	-5.563548	0.7356473	1.546345	-1.190721	-5.496298	-3.37699	-1.635722	-1.003607	-2.352679	-4.937685	-3.398994	-4.465601	-2.864698	-2.868799	-1.241477	1.989277	-4.795319	-2.969358	6.17569	6.447443	2.460682	1.911561	2.286753	4.884742	6.457288	3.479563	-2.732879	-1.2848	8.786414	4.538079	5.50677	2.746745	3.321184	5.400969	9.634757	9.26778	8.080057	-1.049325	2.774537	1.328049	1.913387	1.482401	4.344623	3.180947	7.051581	2.038045	3.334897	6.800555	5.990121	0.6448177	11.98069	6.048942	-1.194134	-3.305127	-3.078914	10.19479	6.955954	-1.180775	2.539413	3.925875	5.488513	-1.280458	5.609979	-0.4654676	3.52348	-5.649916	1.51789	-0.653684	5.315315	-0.6144208	2.290826	-1.871667	-5.352674	-5.717864	1.602829	-4.220701	-4.103029	4.057195	-5.274412	3.263719	1.688804	0.3050595	-1.553599	-0.2518455	3.21735	0.2164953	-0.8651836	-4.126623	-2.74368	-4.667074	-4.448602	-3.232604	2.702048	1.805036	5.714947	-0.157356	0.6570239	1.780101	1.734907	0.1801865	-4.037585	1.525429	-4.861399	-4.99017	1.316774	-6.730384	2.398153	-1.549682	-4.076003	5.293517	3.566255	-6.075866	-4.700866	2.282865	-5.371438	-0.5638791	-3.48682	-1.210125	-4.221749	0.4678349	4.632575	3.589332	-4.518483	-3.248186	-5.097932	-4.663327	-3.69024	-0.5905313	-5.022884	-3.27052	1.433819	-1.558128	-4.035617	0.1119131	-4.868284	-2.645949	-4.852138	-1.753651	4.213576	5.365424	4.191352	-2.065459	-0.9769555	-0.04869169	-4.38157	-2.154591	0.05227976	1.889225	-2.048532	0.9065037	0.5531673	-2.931555	3.064656	-5.471775	-3.280411	-3.317908	4.152646	0.02363774	-0.5178117	0.938316	-4.628479	3.205363	-0.6744682	2.253522	2.259615	-1.274047	-3.399521	-3.441614	-4.033694	-6.320934	-2.208301	4.093333	-3.692019	-1.701387	-5.663618	0.5807664	-2.836749	0.6439676	-2.432897	-1.138959	-5.380969	-1.313351	-7.389927	-5.010541	-4.105106	-3.733891	-5.76827	3.742867	3.863888	1.714341	0.6054754	-3.786396	-1.954502	-3.105329	-0.2438775	-2.155585	-6.723876	-6.307755	-3.48953	0.3436015	-3.148394	-5.773074	-2.281554	4.019238	-4.532635	-6.466338	-0.6073723	-5.287147	-2.124818	-2.009967	1.555086	-1.9159	-6.181427	-2.854873	-2.94771	-4.215649	-5.507634	-6.443088	-6.261183	-3.749688	-4.889275	-1.074979	-3.246352	-4.867771	-4.620714	-5.962537	-4.2947	-4.014621	-4.109917	0.1145298	0.6252118	-6.701613	1.861256	-6.1323	-7.246083	-2.689951	-2.757213	-6.651476	-0.3026775	-4.181828	-4.107025	-1.780985	2.212239	-0.3853261	-3.860832	-2.685537	-5.922687	-1.291413	-4.724151	-2.354904	-4.20947	-3.957724	-5.36017	-5.433125
ZOZOW1T-1021	3.007525	-3.538002	2.075924	-5.796386	-0.09918693	0.7123992	-1.041871	-2.023487	2.810211	5.597555	0.08552018	5.55006	2.225235	7.165455	1.669351	-1.497978	1.132035	-3.96665	5.351627	2.399387	5.17228	-3.788977	-3.413175	5.715128	7.767864	5.113861	3.80206	7.87569	8.943007	3.692964	-1.787102	3.708861	-3.84542	-3.197059	3.040774	-2.654573	-3.772764	-2.363697	-2.212236	-4.232206	-5.207436	-2.17817	-3.774145	-4.393742	0.616221	-1.555322	-0.5809465	-3.855629	-6.109626	1.307922	1.623385	-0.5835403	-4.790478	-3.433595	-2.511848	-1.538589	-2.305022	-2.355918	-2.916079	-7.567251	-3.116003	-4.937643	-0.7024671	2.051643	-2.358814	-2.809515	6.032606	6.558562	3.175561	-1.036498	3.752632	5.170673	5.968653	2.616048	-4.469113	-4.459321	8.448447	4.521189	5.337664	1.834115	2.623496	5.71982	9.346535	9.202932	8.41217	-1.496521	2.224883	1.261033	1.794285	1.999749	4.050712	3.140027	6.800643	2.778246	3.12832	6.311052	5.156374	-0.9996231	10.8697	6.260273	-0.4262789	-2.567233	-0.069942	10.14707	6.932383	-1.692521	2.388179	3.735036	5.519166	-1.926528	6.759961	-0.4183535	4.268986	-3.814195	2.016159	-0.6129378	5.245343	-1.371892	1.260495	-2.460232	-2.401602	-6.463073	2.248976	-4.177359	-2.393876	3.973269	-3.380326	3.53962	2.203531	0.4048353	-0.5622865	-1.049851	3.590336	-1.16236	-2.548449	-5.787497	-2.379626	-4.544751	-5.055056	-2.928505	3.737914	2.424005	5.793564	0.4747656	-2.494304	2.269382	1.663288	0.7082953	-3.803765	2.282254	-3.506397	-1.308295	0.6309776	-5.258301	1.670181	-0.8603324	-4.811189	5.58881	4.113796	-4.767375	-5.128274	2.559292	-5.985922	-0.4729727	-2.358294	-1.523863	-3.806638	1.225759	4.784312	3.988955	-4.382841	-4.594765	-4.267128	-5.154201	-6.096657	-0.3997816	-3.70299	-1.922757	1.78331	-5.472974	-4.450266	0.4281037	-4.567927	0.1326733	-2.30265	-1.989342	3.943814	5.431326	4.747226	-1.400801	-0.7895374	-1.414242	-3.433439	-3.910268	0.2202714	1.413794	-1.445153	1.528331	0.186117	-2.287257	3.411394	-4.057434	-3.560803	-2.040355	4.582892	2.608009	-3.715575	1.038818	-6.74844	1.644976	-2.485192	2.557005	2.460564	-5.62854	-6.421632	-3.162108	-3.251492	-4.682893	-1.962798	2.388927	-3.881931	-1.080653	-4.524734	-0.2593842	-2.21553	0.7804194	-4.262025	-0.5804081	-3.015837	-1.662856	-5.253478	-5.263045	-5.203054	-3.779021	-2.305342	1.004066	1.326694	1.619452	-0.2675797	-3.16519	-4.28264	-1.410152	0.5959186	-0.8627402	-2.615948	-4.184422	-3.982245	-1.086346	-5.671861	-3.449425	-1.192013	4.010823	-7.311778	-3.9457	-0.6379014	-2.605932	-2.058356	-2.044052	1.108104	-2.44531	-4.795735	-2.145561	-5.788153	-3.496348	-3.141767	-3.542334	-7.120368	-8.445714	-5.349438	-1.608564	-4.007401	-5.128823	-6.141791	-4.040207	-3.00627	-3.295524	-3.28812	0.402804	-0.06903458	-6.319726	2.352348	-4.245012	-4.582967	-3.1577	-3.349873	-6.325746	0.4455934	-3.959918	-3.904304	-3.630043	0.6459093	0.2315085	-2.354241	-1.762042	-2.280897	-1.049495	-1.07673	-4.65765	-2.812472	-1.663895	-1.682703	-5.757788
ZOZOW1T-1022	0.8637556	-3.620376	1.965186	-6.757326	1.682255	0.4037232	-1.336249	-1.11745	3.030691	5.29997	-0.09597905	5.847173	2.837477	7.746901	2.41946	-0.8789492	0.575004	-3.926529	5.726676	2.526242	5.099578	-4.081755	0.3769889	5.384789	7.501975	5.17173	3.746444	7.689267	8.627229	3.900852	-2.388548	4.150156	-4.713212	-1.829739	2.931902	-3.281134	-4.946958	-3.97673	-2.872391	-5.923601	-6.707244	-0.7528721	-6.224177	-4.756464	0.2974122	-2.749116	-1.71351	-4.935462	-5.656507	-0.2575005	1.236074	0.3512349	-4.16925	-4.841004	-2.108357	0.2734109	-2.581519	-3.112345	-4.05385	-2.541207	-3.193381	-4.012851	-1.57085	0.9838402	-4.614981	-3.147057	4.966349	5.995333	1.94508	1.783623	3.563805	5.263622	5.686165	2.641254	-5.676851	-3.714137	7.96313	4.326393	4.379007	2.258506	2.017921	4.56236	8.779187	9.191957	7.985007	-6.721974	1.782432	0.9421757	1.98962	2.982833	5.379201	3.977761	6.033709	1.897796	4.341039	6.730917	5.382274	0.06376485	10.86874	5.853517	-0.9384787	-1.23544	-2.391728	10.00826	7.213125	-1.039013	2.407652	3.653287	5.547927	-2.174479	6.411673	-0.3133743	3.811998	-5.131992	1.290057	-1.067971	5.528272	1.850691	1.276673	-2.19241	-7.977243	-1.165247	2.14765	-3.95488	-2.929703	3.764014	-5.813399	3.920476	2.233216	1.166494	-0.7767851	-0.9818317	3.370809	-1.477865	0.05284193	-5.110514	-3.245878	-5.350486	-4.661882	-4.130791	2.981354	2.406686	5.10327	0.9209834	1.044365	2.12509	2.474229	0.5661259	-2.241345	2.30566	-3.072363	-2.075538	0.165794	-6.537035	2.215281	-0.4673447	-7.160588	6.258063	3.903216	-4.388706	-3.242478	2.818031	-1.707623	-0.0800963	-3.381639	4.609007	2.40318	1.42916	4.245289	3.202337	-4.852396	-7.5548	-4.407811	-3.377259	-6.156574	0.002355039	-4.775607	-1.272502	2.274392	-3.266718	-2.222027	0.3959204	-4.835145	-0.5950881	-3.801782	-0.317868	3.983897	4.921409	4.70772	-0.7873499	-1.118407	-0.9462432	-3.818003	-1.844584	0.7048157	1.778989	-1.375071	-0.1806421	0.2622156	-3.091485	2.178236	-6.766608	-2.564118	-3.117888	4.575938	0.7277853	0.4216726	0.7950363	-6.562889	2.044428	-3.122645	2.74028	2.274359	-0.1035275	-5.303589	-6.176974	-4.483938	-2.948996	-1.823001	3.721287	-2.719016	-2.932571	-5.67829	-1.413922	-3.744289	1.202981	0.9394181	-2.799888	-3.255389	-1.660297	-5.714475	-5.641287	-5.277883	-6.632719	-7.585896	1.375037	1.349149	1.885413	-0.08712293	-1.132089	-3.672766	-1.439982	0.3791946	-3.282775	-1.076518	-4.244354	-3.282144	-0.1180227	-4.107941	-5.954953	-0.3791283	3.767186	-4.458753	-4.936149	-0.4882373	-2.788769	-1.481412	-3.237775	0.4570187	-5.081308	-5.126091	-2.620675	-5.62766	-1.681352	-1.784764	-4.719523	-4.252907	-1.838281	-0.4341363	-3.329854	-7.27449	-1.603158	-7.67562	-2.741423	-1.660472	-2.337135	-0.15528	0.9014401	-0.2360776	-4.157541	2.288251	-8.392755	-5.523269	-2.963367	-3.900772	-2.990915	0.4896614	-3.281026	-3.300734	-4.735144	-0.4472225	-0.01329082	-2.56254	-0.8465199	-5.044808	-0.9782594	-2.068356	-4.457742	-3.100214	-1.893479	-4.537362	-6.926365
ZOZOW1T-1023	0.8247913	-3.374524	1.733176	-4.988127	-1.224756	0.6819563	-1.045665	-1.378891	1.851585	5.516712	1.289657	4.122308	-0.3911756	7.432913	0.7572945	-0.9409944	-0.4575401	-5.084342	4.245155	0.04015815	5.106164	-2.052128	-2.69088	4.502832	7.52565	5.330453	3.036207	7.443964	8.75113	3.593486	-3.354171	3.173942	-5.179858	-2.614486	2.780852	-1.197449	-3.41285	-1.564937	-3.15143	-3.516462	-5.195413	0.3562919	-4.078552	-4.553613	-0.488675	-2.625911	-1.89311	-5.468944	-6.370584	0.1658834	0.4780629	-1.969123	-5.03401	-3.871714	-1.9284	0.6442804	-2.996609	-0.7507651	-4.089947	-2.815765	-2.458612	-4.076021	-3.585487	-0.7457988	-2.284292	-3.085721	5.854074	4.999302	-0.86904	-0.6606215	3.874557	4.632518	4.367196	1.085404	-4.24929	-3.719785	9.751706	4.109261	6.214232	1.42192	3.18206	3.986314	8.896209	8.637021	7.324448	-1.175927	0.5366417	1.16382	0.06120026	-1.082381	2.879555	2.505415	5.766914	3.54157	2.919024	6.747741	4.94517	-0.04336138	10.70738	5.405519	-1.131182	-1.183274	-3.022152	9.28772	6.774092	-1.50692	2.219313	3.262292	3.746382	-2.066829	5.886766	0.5819855	3.684068	-4.207977	0.6319141	-1.740507	4.881733	-1.514197	-3.750813	-2.426357	-5.047941	-1.061459	1.293288	-5.503136	-2.583906	3.47668	-1.85669	3.838229	1.158103	-0.2967869	-1.317569	0.88118	3.427752	-0.5534564	0.02027491	-4.368095	-0.7500342	-3.763133	-3.807611	-4.211739	2.827684	1.844264	5.009663	2.677559	-2.494644	-0.112525	1.197716	0.2127449	-3.01533	-0.6163354	-5.152371	-3.897968	1.654693	-4.602307	1.148795	-2.914013	-3.465739	4.107855	3.52707	-6.020245	-2.95999	2.105556	-4.558882	-0.4570127	-5.583241	-1.222664	-3.777187	1.552575	3.577254	2.684247	-3.718218	-1.814276	-5.153033	-3.118539	-3.858388	1.615997	-5.057102	-2.576701	2.031307	-2.865989	-4.659114	-0.04168487	-4.594921	-2.51385	-2.548863	-1.781441	3.163317	4.538942	3.91733	-3.788668	0.5491757	-3.035089	-3.132679	-3.057299	1.200339	1.097824	-1.530414	0.8450148	-0.7398321	-1.934176	3.282007	-2.987026	-5.014688	-2.311061	3.642506	-0.5918359	-2.511374	1.383242	-3.921102	1.902439	-2.638393	2.002027	-0.3027364	-2.302745	-5.742909	-3.197407	-1.960911	-4.604017	-1.15004	3.803328	-4.609178	-0.246742	-5.56039	0.4929387	-6.065395	0.2268921	-4.242699	-3.254331	-2.655655	-2.483027	-6.285076	-3.782535	-3.820054	-4.359946	-5.864262	2.255828	2.013515	-0.4381469	0.8291252	-4.318174	-2.964581	-1.3504	0.5548084	0.00614655	-1.483466	-4.310842	-4.139573	-0.05531251	-2.421873	-4.587498	-1.069664	3.785167	-4.867751	-4.868227	-1.334288	-2.519687	-1.147227	-1.396461	-0.3911171	-5.562914	-5.910971	-3.433931	-3.916161	-4.389054	0.2717681	-7.151799	-5.260447	-0.02694011	-1.733991	-0.3726445	-2.026946	-2.818233	-5.443879	-3.02426	-0.03055573	-1.986155	-4.597981	-0.1685916	-0.7520368	-3.514813	1.878437	-4.349979	-2.195269	-2.422081	-3.976901	-3.033671	-0.257145	-5.67343	-4.787231	-2.640453	-1.21339	-1.102097	-3.447273	-3.854187	-0.04202604	-2.945349	-4.562067	-4.352034	-3.225586	-1.946335	-4.634648	-5.068154
ZOZOW1T-1025	2.400602	-3.472215	2.317851	-5.464828	-0.4046106	0.5579242	-1.272781	-2.085027	2.644164	5.677431	0.1339313	5.347106	1.697319	7.341067	2.123159	-1.22637	1.068057	-3.406968	5.065452	2.355479	4.957645	-2.237926	-4.00265	5.454297	7.950124	5.630372	3.485485	7.711985	8.555153	3.647279	-1.486554	3.323716	-4.26327	-3.261943	4.513727	-2.597893	-3.656947	-2.402528	-1.780823	-2.929158	-4.770652	-1.636973	-5.229036	-4.306838	1.004222	-0.9625145	-0.2411341	-1.825046	-5.343816	1.032418	3.820508	-6.072754	-4.259662	-3.326365	-2.442288	-0.6699796	-2.284367	-2.142246	-2.926075	-4.679338	-3.320776	-5.022779	-0.4159934	2.923525	-2.845994	-2.499951	5.921909	6.369192	3.028039	-0.785051	3.370068	6.536652	5.925895	2.87825	-3.019606	-3.015652	8.492826	4.42181	5.286996	1.60093	2.669985	5.381777	9.474692	9.139716	8.460926	-1.033022	2.100896	0.9139444	1.639064	1.979929	3.610609	3.620341	5.940524	2.040469	2.5659	6.912082	4.855622	-0.2272654	10.98054	5.846736	-2.129764	-3.280198	-0.3920501	9.770679	6.728232	-1.597236	2.232417	3.679	5.109781	-2.05235	6.626983	-0.4374471	3.972945	-5.427771	2.315187	0.0747361	5.139702	0.7696357	0.5101061	-1.996874	-1.739128	-6.805625	2.327895	-6.691346	-1.419006	4.064166	-5.059638	2.896942	1.871397	-0.647006	-1.093665	-0.712575	3.666934	-1.050201	-1.003698	-4.752295	-1.813049	-2.642051	-4.180718	-3.428637	3.275849	2.266366	5.620463	0.0690766	-2.245804	2.367086	1.470109	0.6422188	-3.049059	2.037194	-5.561195	-2.701365	0.4083008	-4.287324	1.940935	-0.7306634	-5.760598	5.10447	3.941722	-4.9189	-3.258892	2.140237	-5.984817	-1.043731	-3.295946	-1.678192	-4.771143	0.8847372	4.433309	3.734194	-3.862905	-2.970734	-4.038544	-4.893702	-5.364805	-0.0724366	-4.82312	-2.296795	1.402447	-4.103943	-3.169467	0.890123	-4.591079	-0.1483833	-2.311236	-2.234403	4.078845	5.206969	4.576313	-1.310491	-0.9573474	-0.4905061	-5.586271	-3.142204	0.2438748	1.521112	-1.333541	1.552013	-0.07566971	-2.79079	3.517346	-3.590499	-4.130867	-2.732309	4.288871	-3.286643	-2.785405	0.8661374	-5.537021	1.481985	-3.14235	2.516356	2.343231	-2.638029	-4.142647	-3.341723	-3.523027	-4.286612	-2.146013	4.726344	-3.467488	-1.298834	-4.551946	0.05599022	-3.546444	0.9277425	-3.576981	-0.6686981	-2.859451	-1.526286	-5.452896	-5.699284	-5.700197	-2.501562	-6.609171	2.677987	2.591879	1.507253	0.009544387	-4.102205	-3.406988	-1.472203	0.6144828	-0.9272953	-2.036167	-3.000014	-3.642089	-1.006449	-4.101802	-4.560682	-2.023072	3.935002	-7.285431	-4.523804	-0.9201515	-2.879366	-1.860893	-2.514477	1.058925	-4.142675	-5.03977	-1.988816	-5.193601	-2.418607	-2.738395	-6.197576	-5.538253	-6.59673	-2.845087	-1.977563	-3.911919	-3.787707	-7.01601	-3.931585	-2.684208	-3.250674	-3.183608	0.01078664	-0.3884569	-5.819252	2.121248	-3.183831	-4.345098	-2.450493	-3.489994	-5.881214	0.7162112	-3.705075	-3.671113	-3.183073	0.4566659	0.05668624	-2.927266	-1.7787	-1.282641	-1.024163	-2.754317	-4.439872	-3.158289	-1.297884	-4.164654	-5.59833
ZOZOW1T-1042	2.199302	-3.682544	2.306059	-6.994283	-0.8835871	0.8837248	-0.7178694	-1.48284	2.501456	5.747118	0.1478465	5.064011	1.907071	7.822533	2.21041	-0.5605339	1.120159	-4.361407	4.989049	2.208255	5.410246	-2.950814	-3.958168	4.983167	7.52548	5.412234	3.361	7.362857	8.84246	3.850213	-2.106798	3.293618	-3.994497	-3.402337	2.99085	-6.831279	-4.088912	-2.451965	-2.365156	-4.292742	-5.416695	-1.057064	-7.196933	-4.774517	0.06652588	-2.187839	-1.171015	-3.629279	-6.701718	0.3971224	1.038857	-0.9563855	-5.153943	-4.425461	-3.249266	-1.465055	-2.366567	-2.108854	-3.211832	-5.873588	-2.980046	-7.926459	-1.794526	0.6716938	-2.881703	-3.045039	5.193762	5.28866	1.827335	-1.653636	3.835704	4.747659	5.465171	2.161505	-7.646627	-3.26042	8.905888	4.674862	4.877516	2.270745	2.479594	4.313625	9.315165	9.030714	8.160163	-1.10754	2.443948	0.9969152	2.188701	2.776302	3.997122	3.767817	5.894207	1.762117	3.178643	5.934358	5.143527	0.6078724	10.55432	5.860681	-1.626869	-3.240423	-1.194397	9.727665	6.759591	-1.35041	2.266289	3.89446	5.046058	-1.951482	5.994271	-0.3209731	3.577798	-5.592614	0.8084445	-1.283204	4.98434	-2.452105	0.7490427	-1.816415	-0.3948557	-9.037289	1.93698	-3.980567	-2.384213	3.794266	-7.579664	3.5323	2.198214	0.6649412	-0.701862	0.0778327	3.45687	-0.2615303	-1.616051	-5.59702	-2.155688	-4.114282	-7.913967	-4.06916	3.290034	2.548228	5.197936	0.5360441	-0.2741718	2.203424	2.242998	1.178753	-3.223197	1.21096	-6.355507	-2.568406	0.7579531	-5.286401	2.318928	-1.120102	-2.738581	5.403125	3.782741	-3.71946	-2.417336	2.716552	-5.399714	0.2759859	-5.900065	1.168057	-0.9540758	1.209872	4.236529	3.519602	-7.53528	-1.699721	-3.654554	-3.268859	-3.480152	0.434449	-5.376677	0.3626037	2.524307	-3.94995	-3.988927	0.9473521	-6.291623	-1.224362	-2.383381	-0.9954386	3.379041	5.042048	4.478691	-3.340368	-1.307086	-0.3175328	-3.730253	-2.317755	0.7261191	1.350219	-1.179731	0.8165711	0.336549	-2.237101	2.64498	-5.594627	-3.660354	-2.471327	3.930679	-5.512039	-2.617105	1.096279	-5.447575	2.137879	-1.223482	1.956884	1.889179	-2.630539	-5.763553	-3.847097	-3.346165	-2.613382	-1.423056	3.865853	-4.508148	-1.68835	-4.7679	0.1032508	-4.317264	0.638671	-2.013799	-2.468226	-2.184682	-6.006864	-5.355804	-3.261054	-4.123721	-2.337867	-5.604877	1.48768	1.745433	1.374029	-0.8377261	-3.34059	-3.124166	-1.077027	1.689645	-1.149573	-1.363714	-3.906681	-3.474854	0.2981606	-3.502424	-3.532444	-1.058686	4.366638	-5.909001	-4.919861	-0.3756757	-2.502335	-4.679953	-1.929579	1.149545	-3.2233	-3.937546	-2.50555	-4.361762	-2.883342	-1.973419	-3.675554	-5.737637	-0.6390022	-2.136492	-1.147041	-6.793407	-2.919713	-7.55188	-2.834826	-1.704728	-2.725892	-2.170391	0.07499655	0.3055908	-5.406576	1.845983	-6.153715	-6.977458	-1.17185	-3.335947	-7.00659	-0.1380276	-3.475046	-3.17083	-3.116066	-0.6097696	-0.7116213	-2.165209	-1.047573	-1.710812	-1.02196	-5.271338	-4.84358	-3.871134	-1.54413	-4.26333	-4.524467
ZOZOW1T-1043	1.753843	-2.585078	2.426814	-6.979972	-0.5759303	0.9341351	-0.9438887	-1.433022	2.732157	5.984626	0.1198694	5.240445	2.154052	7.812448	2.019459	-0.9191683	1.266697	-2.507183	5.220689	2.413211	5.391942	-1.452171	-2.583367	5.174541	7.559945	5.261858	3.726345	7.502789	8.940362	3.93366	-2.059538	3.425133	-5.135322	-2.710714	3.044384	-2.42166	-3.913831	-2.349816	-2.572321	-5.977347	-5.836117	-1.529461	-6.757216	-5.639913	0.1449556	-2.245534	-0.8367131	-3.658224	-4.682113	0.5671506	1.154512	-1.146145	-4.478425	-4.257506	-3.019171	-1.308004	-2.425829	-2.643946	-3.213238	-7.123168	-2.979186	-6.075087	-1.676972	0.9847178	-2.803444	-2.800871	5.107444	5.490417	2.251771	-0.651809	3.750202	4.744184	5.456431	2.158725	-7.300021	-2.27422	8.295154	4.727487	4.598279	1.122443	1.951426	4.398593	9.298434	9.176604	8.2066	-1.266913	2.466427	1.101564	2.342591	2.491561	4.402127	3.340569	6.082644	2.143875	3.638273	6.042071	5.361228	0.1858078	10.86186	6.152012	-1.939624	-2.451466	-1.407782	9.956183	7.111759	-1.327734	2.432587	3.567258	5.159589	-1.688388	5.522502	-0.4006885	3.527617	-6.244725	0.9475561	-0.9702112	5.183609	-3.400629	1.691889	-2.645542	-0.8504577	-7.79446	2.100621	-6.07409	-2.342236	3.98228	-8.544203	3.666394	2.337838	0.7238637	-0.9024093	-0.4206936	3.609656	-0.6021898	-1.023849	-5.302883	-2.596512	-8.106028	-4.835528	-4.072452	3.497672	2.607925	5.393377	0.6859031	-0.8934686	2.458998	2.388089	1.024538	-3.959477	1.808476	-3.258211	-3.052668	0.4721448	-5.089638	2.568422	-0.3608338	-2.559799	5.564081	3.918913	-6.99857	-1.400933	2.686059	-4.530083	0.1516555	-3.214389	-1.254307	-8.188856	1.17694	4.219768	3.587314	-6.712452	-1.93741	-3.887576	-3.011388	-2.663045	0.2650997	-3.962582	0.0925827	2.334362	-5.763694	-3.893345	0.993193	-3.059849	-0.825043	-7.700277	-1.727383	3.406329	5.121746	4.743287	-0.9849269	-1.621471	-0.5058028	-6.013857	-2.56516	0.517722	1.387969	-1.186673	0.8356725	0.3606318	-2.208352	2.815387	-4.36344	-3.24458	-2.117796	4.121472	-0.1228444	-2.155426	0.963032	-4.567676	2.027985	-0.7100905	2.311054	2.05743	-2.333825	-5.108686	-3.626965	-3.55045	-3.617269	-1.35123	4.051326	-5.576837	-1.34723	-4.727515	0.09695688	-3.559492	0.9236997	-2.703403	-3.042647	-2.49922	-2.701395	-6.242144	-3.048895	-4.652491	-2.000773	-5.134027	2.579467	2.913894	1.312971	-0.853946	-3.026232	-5.869108	-1.03928	1.504789	-1.583811	-1.751705	-3.156058	-3.542406	-0.26082	-3.464614	-3.751079	-0.9567661	4.309062	-4.093019	-4.840319	-0.342862	-2.777172	-1.728498	-1.722583	1.098029	-4.109416	-5.071908	-2.554625	-4.133471	-2.642398	-1.655253	-4.744237	-5.08209	-0.8762157	-1.847582	-1.912099	-6.044709	-2.947937	-5.93077	-2.64062	-1.455823	-2.518092	-2.198536	0.5955644	0.007634103	-5.083308	1.972422	-5.538121	-5.111803	-1.540919	-4.802795	-7.124463	0.1275766	-3.511599	-3.138699	-3.401448	-0.5582541	0.4409768	-1.858017	-1.4515	-0.5664897	-1.200026	-3.400262	-4.500824	-3.532022	-1.890414	-4.330606	-4.616119
ZOZOW1T-2001	2.309603	-1.681774	2.002156	-4.257054	0.3163267	0.6246666	-0.6824788	-1.208029	1.68803	5.46662	0.7725426	4.589865	1.918401	6.699071	2.10063	0.2936643	0.9044349	-8.669253	4.655781	2.300723	4.88034	-2.2545	-0.2989922	5.006451	6.753373	4.82852	3.436478	6.922804	8.354978	3.49056	-2.746869	2.946867	-4.671449	-3.180869	3.492834	-3.192802	-3.529573	-1.430199	-2.809282	-3.538446	-4.947479	-1.452478	-6.219464	-4.235495	-0.5034394	-2.224955	-1.592269	-5.645816	-5.687531	0.6080678	2.116927	-1.273138	-4.204843	-2.804068	-1.942486	-2.158592	-1.684082	-3.865163	-3.393777	-6.231102	-1.670213	-4.191548	-1.645314	2.452783	-1.863406	-4.115905	5.101646	4.889738	0.8467121	-0.9384317	3.006272	5.107726	4.317668	-2.950291	-4.005098	-2.337549	8.190293	4.259948	3.944256	1.846923	2.34238	3.47248	8.932691	8.734235	7.891606	0.7390673	1.659682	0.7741332	1.904655	1.732906	3.680739	3.136023	6.580663	1.727563	2.872108	5.37375	4.805469	0.1204959	11.09015	6.021955	-0.3909775	-1.811042	-1.868784	9.139653	6.341541	-0.9757353	2.449018	3.753583	4.472409	-1.321189	5.783212	-0.5004283	3.509158	-6.110347	0.5696722	-1.456639	4.585817	-0.2848546	1.797975	-2.581243	-1.817526	-0.5378823	1.325635	-8.188276	-2.153853	3.7317	-4.445776	2.643586	1.713395	-0.3255542	-0.5272558	0.1044598	3.342499	-0.7116354	-2.704673	-4.510787	-1.777534	-3.951313	-3.666595	-5.989892	3.240066	2.343385	4.720324	0.7702541	-2.025236	2.040814	2.03419	1.431277	-3.113428	0.8125431	-3.992122	-0.9948652	0.8181583	-5.32051	1.586568	-0.8574632	-4.636043	4.984356	3.476155	-4.258492	-0.804	2.457557	-6.419957	-1.082816	-5.185394	-1.905716	-6.010753	1.257437	4.006067	3.176605	-5.123608	-1.358615	-4.161706	-1.341182	-3.905238	0.2468385	-5.116892	-2.626935	2.463273	-3.818144	-4.493246	0.666451	-3.167405	-1.821286	-3.251013	-0.8316785	2.412313	4.811742	4.419315	-6.431067	-1.168776	0.06995845	-5.580935	-2.534778	0.4806707	1.219728	-2.933474	0.4699168	0.5364949	-2.471502	3.2874	-6.888598	-4.246017	-1.902578	3.471421	-0.2529184	-1.022144	0.928678	-4.492908	1.117039	0.62293	2.349639	1.799539	-3.076094	-4.873905	-6.181114	-2.883296	-2.05933	-2.918324	4.99054	-4.079993	-1.151828	-5.308047	0.9434935	-5.805609	0.7487763	-7.199177	-1.655014	-1.60933	-1.846362	-6.005877	-3.510916	-4.835467	-3.892993	-5.608709	1.631661	1.642792	1.099457	-2.968531	-2.8826	-1.540474	-1.78687	0.7999864	-1.499202	2.712741	-3.165831	-3.127035	-0.02718878	-0.8479252	-3.604476	-2.619712	3.946906	-6.079043	-3.137889	-0.4439051	-0.8457776	-2.494887	-1.567686	1.353251	-4.657151	-4.470048	-1.882365	-4.99361	-4.090935	-1.65481	-6.206362	-3.527297	-0.8487732	-3.225118	-4.484363	-4.316023	-4.7542	-6.429793	-2.580456	-1.709409	-1.88987	-2.112904	-0.02779731	0.7965273	-6.078754	1.278169	-5.453438	-4.225636	-2.736428	-6.268735	-5.378787	-0.3372736	-3.102123	-3.019537	-3.302139	-1.442753	-0.2097859	-1.622253	-1.824053	-1.38995	-1.527676	-4.647583	-4.983054	-2.661305	-1.405691	-3.239887	-4.487001
ZOZOW1T-2002	2.504444	-2.925132	1.736642	-7.527584	-0.3165052	0.3306225	-0.6854681	-1.110514	2.034322	5.523444	0.8367844	4.903463	2.07341	6.689415	1.376517	0.5620326	0.6809736	-2.610672	4.729986	2.443101	4.623223	-1.714495	-0.8368268	4.877734	6.709676	4.703515	3.208778	7.201626	8.35842	3.506789	-5.083998	3.438525	-5.321615	-2.017692	3.264577	-3.419144	-3.300257	-1.850603	-3.190007	-3.898957	-6.358503	-1.426475	-4.890582	-5.842932	-6.17074	-2.53807	-2.407191	-5.789275	-5.529893	0.7324963	1.958555	-1.464121	-4.401873	-2.74115	-1.496436	-0.6552413	-1.627497	-2.478307	-3.47853	-3.911053	-3.471306	-4.68792	-1.81993	2.117563	-2.400347	-2.826526	5.211492	5.036434	1.066627	0.9957522	2.848485	5.153304	4.746282	2.458399	-5.467619	-2.142476	7.913343	4.349383	3.651457	2.235874	2.10659	4.100196	8.785641	8.680125	7.906544	-0.3398348	1.763826	0.6021632	1.811659	1.479907	3.666557	2.97664	6.729802	2.097572	3.666334	5.496884	4.931757	-0.1665874	10.60232	5.761869	-1.576587	-5.501061	-1.222264	9.577884	6.425053	-1.298649	2.202718	3.716249	4.444598	-1.350154	5.457597	-0.4679351	3.675845	-3.799594	1.244145	-1.349723	4.688138	-0.5423291	2.331622	-2.542743	-2.294478	-5.133595	1.460504	-4.317768	-1.988303	3.773552	-5.365033	2.124865	1.873851	1.430399	-0.1944435	-0.002887249	3.124662	0.1466094	-1.053976	-6.823441	-1.977171	-4.3795	-4.093221	-3.178432	3.082014	2.414967	4.841502	0.3980916	-2.01963	1.979632	2.337847	1.393349	-2.985253	1.194376	-4.907417	-4.176603	0.8966682	-5.234167	1.365409	-0.893716	-5.391276	4.971876	3.409858	-4.525835	-6.387043	2.269289	-3.394982	-0.695931	-5.833916	-2.899209	-4.88878	1.992766	3.728267	3.010172	-4.285076	-4.577761	-4.688135	-4.528041	-4.120534	0.0200136	-6.73685	-2.946025	2.560735	-4.624464	-2.548273	0.7344412	-4.601171	-1.300244	-4.561347	-0.9123476	2.321398	4.638518	4.297651	-2.257741	-1.097609	0.03041482	-3.70691	-2.732017	0.8317546	1.240058	-1.72916	0.5971678	0.4061294	-2.306188	3.439097	-6.227088	-4.511527	-1.924933	3.532969	0.5834519	-1.58274	1.087201	-3.79759	1.032266	-0.6582155	2.243278	1.459015	-0.9440032	-5.569975	-3.733579	-5.49688	-5.530777	-1.582437	4.396069	-2.84542	-1.245525	-5.767219	0.7518007	-5.058498	0.9645953	-3.125802	-4.33567	-1.682757	-1.388152	-5.489146	-4.46135	-3.986576	-4.321509	-3.646562	2.454566	1.988927	1.245645	-1.42108	-1.453165	-6.323729	-1.402036	0.8533159	-1.448986	2.605941	-3.390829	-3.154038	-0.4384294	-1.303396	-5.835502	0.5507619	3.799509	-7.071792	-2.949996	-0.2555265	-1.041472	-2.320074	-1.080594	1.380514	-6.537354	-4.566571	-1.570137	-4.193976	-4.153338	-1.386789	-4.977437	-6.622342	-0.6546029	-2.654131	-6.135544	-4.916583	-4.333687	-5.741739	-2.29078	-1.415458	-1.876839	-2.152751	0.6197835	1.083968	-5.570396	1.976969	-3.920804	-5.087984	-2.752513	-4.527199	-4.405747	-0.3204498	-4.151718	-4.050189	-3.135142	-2.429626	-0.2579453	-1.63592	-1.584402	-0.3404708	-1.614925	-2.448074	-3.499346	-4.178078	-0.9096793	-4.721896	-5.1584
ZOZOW1T-4011	0.8652049	-2.901404	2.288675	-5.997692	-0.3118028	0.5723365	-0.7641188	-0.3503469	2.083075	5.970895	-0.2206712	5.062378	2.163251	7.491801	1.749682	-0.9443218	0.4741093	-4.120137	5.151002	2.707267	4.919841	-2.473623	-5.509726	5.699609	7.38194	5.052365	3.8776	7.692881	8.803597	3.259048	-4.06829	3.545198	-5.040612	-4.60668	2.313613	-3.613346	-3.770653	-2.880794	-2.604706	-3.335776	-6.06434	-0.9168744	-6.440168	-3.877262	0.05720901	-2.763105	-1.511847	-3.892241	-3.194503	0.7806478	1.151942	-0.8635167	-4.479728	-3.272644	-2.699217	-1.547295	-2.211118	-2.545364	-3.530652	-4.629269	-6.504305	-4.521967	-1.895859	0.344985	-1.378343	-2.854157	6.168133	6.20998	1.155234	-1.953009	3.469386	5.335641	5.049591	1.470778	-5.398717	-2.153067	10.07259	4.463512	5.772344	2.578754	2.654382	4.769073	9.089129	8.809407	7.664412	-6.851487	1.789384	0.06716895	1.605633	1.337299	4.76452	2.720047	4.264792	2.304775	4.054957	5.683019	5.550458	-0.4617079	11.66703	6.704943	-1.969572	-2.724662	-2.014656	10.14421	6.982747	-1.820439	2.477531	3.782102	4.777615	-3.350091	7.310792	-1.20329	4.603609	-3.126825	1.075803	-1.468752	4.801849	0.4532523	-2.121239	-2.626716	-7.730778	-0.4700582	1.655938	-7.906747	-1.930445	4.309666	-6.206842	2.868259	1.925965	0.1282551	-0.9062331	-0.6782482	3.476144	-1.346315	-2.631394	-6.752418	-3.140214	-5.694137	-5.70545	-2.726212	3.183428	2.411691	5.21442	0.9148952	-3.962222	2.270359	2.349211	0.9453574	-3.46153	0.7294127	-6.802986	-3.164116	0.3786117	-4.944363	0.8397748	-1.20796	-2.941618	5.571967	3.965006	-3.600854	-2.201835	2.439592	-4.11083	-0.7840133	-5.304942	-3.953986	-3.60082	1.156702	4.490383	3.288635	-6.01985	-3.116775	-4.066854	-5.544901	-5.689869	-1.013356	-4.251978	-1.526552	2.435656	-1.254832	-3.410088	0.617955	-2.953653	-1.897587	-6.304968	-2.033906	2.698106	5.370378	4.887231	-1.318384	-0.9920714	-1.077521	-1.797548	-2.863465	-0.3564745	0.8543408	-1.450315	0.3044176	-0.2913244	-2.960781	3.24074	-6.027887	-5.729354	-2.407163	4.158819	-0.168845	-2.793786	0.3849753	-4.466729	1.702119	-2.041496	1.70716	1.098989	-1.465677	-5.106306	-3.097617	-3.676033	-1.730372	-2.334305	4.738054	-5.743285	-2.385122	-3.942053	-0.388532	-2.973639	1.221959	-1.049583	0.5578828	-2.669699	-1.803833	-6.868754	-2.3898	-3.108596	-3.315059	-7.299217	2.76951	2.908681	0.5560358	-0.6868687	-1.47536	-1.455813	-2.787128	0.8155857	-1.099326	3.177294	-1.952073	-3.390404	-1.553818	-2.301071	-4.174722	0.04805756	4.507324	-4.222703	-5.558667	-0.683	-5.123142	-3.265164	-2.529504	0.2619874	-5.376581	-6.32728	-3.105268	-4.917336	-2.717644	-0.3484216	-3.508964	-4.99489	-0.8126212	-2.772656	1.497423	3.52998	-3.466169	-5.75004	-3.28314	-0.4039747	-2.895178	0.814423	-0.1005745	0.01095903	-4.998468	1.313173	-3.769609	-3.660265	-2.935289	-2.93921	-3.342508	-0.5466002	-3.890183	-3.796744	0.2193284	-2.474425	-0.5809704	-1.943807	-2.451153	0.09157181	-2.10311	-4.310307	-3.366611	-3.825259	-2.005775	-3.249308	-4.133371
ZOZOW1T-4012	1.915308	-4.496836	2.724714	-3.518969	-2.550592	1.535347	0.2339802	-0.4492638	2.855481	4.792351	0.3229918	5.721937	1.654156	7.230056	1.796965	-2.485313	0.237288	-3.418213	5.515987	2.593984	5.392754	-2.676906	-2.102345	5.699137	7.492591	5.346652	3.697553	7.85009	8.736737	3.465461	-2.096465	3.430289	-3.198536	-2.543055	3.689424	-3.462741	-6.909925	-2.235522	-2.75845	-4.443738	-6.536336	-2.546159	-7.411118	-5.771721	-0.2471038	-2.983443	-1.173514	-3.801465	-8.024567	-0.0570907	0.4526533	-0.8644158	-5.36093	-4.149557	-2.738612	-1.18646	-2.576391	-3.526344	-3.7547	-3.039289	-6.084262	-5.948428	-2.088985	0.1512601	-4.765206	-3.93455	6.33137	6.281553	0.9994059	0.9364375	3.058048	5.84934	6.176122	3.457313	-6.840964	-3.101706	10.54461	4.546808	7.018078	2.358812	3.113884	5.446079	9.782104	9.239757	7.966735	-4.163777	2.346622	0.118885	1.707601	1.206291	4.990284	2.664101	6.321926	2.154336	3.790683	6.3904	5.768586	1.014899	11.94958	6.376142	-1.815325	-3.216763	-1.998103	10.48698	6.94792	-1.229027	2.483045	4.113705	5.365987	-2.180648	6.926165	-0.2428874	4.157924	-6.199555	1.139482	-0.740519	5.605272	0.4244257	0.6937712	-2.466825	-2.058859	-4.226113	1.692614	-4.526449	-2.382907	4.568044	-5.019788	3.639321	1.981217	-0.2526464	-0.8058929	-0.2916676	3.53912	-1.020845	-2.076855	-3.393539	-2.113269	-5.697156	-5.514441	-4.584811	2.916673	2.07773	6.047236	0.5255364	3.717266	2.196323	1.958827	0.621023	-3.209006	1.326618	-5.570704	-3.89564	0.8302884	-4.8119	1.432744	-1.233624	-5.234595	5.458649	4.058092	-6.899557	-6.428454	2.255406	-4.850197	-1.108825	-6.332343	-3.842682	-7.002906	1.48764	4.863375	3.673372	-3.99405	-4.431006	-4.54857	-4.590234	-8.212049	-0.5067722	-4.568081	-0.9962628	1.952788	-2.513793	-7.501482	0.357202	-4.263739	-1.562998	-5.069623	-1.957421	4.025468	5.516402	4.654212	-0.5990331	-0.6985246	-0.7613428	-3.318069	-4.160411	-0.1112496	1.342762	-2.305897	0.1481834	-0.6421124	-3.448501	3.679449	-5.513755	-6.032355	-2.964348	4.431176	0.6001593	-3.347385	0.4375587	-7.012033	1.932924	-1.45958	2.110404	1.984468	-3.383411	-5.501847	-5.513825	-3.269691	-4.424974	-2.387461	1.307312	-3.072343	-1.550418	-5.000909	0.6467777	-4.909812	-0.1391631	-2.178632	0.7840455	-3.551074	-2.244642	-5.620741	-3.890357	-3.027187	-2.90117	-4.058409	2.233216	2.325027	1.332899	0.6394513	-2.067847	-1.834411	-3.136753	0.6509201	-0.8924678	0.8990167	-4.269976	-3.532815	-0.3999417	-5.28078	-4.099372	-5.650953	4.55333	-5.015594	-5.835106	-0.2876518	-4.828224	-2.581925	-2.521725	1.171204	-3.597937	-5.603822	-3.847878	-2.94678	-5.514542	-2.23121	-2.621538	-7.289948	-0.1559281	-5.787861	0.4475143	2.245464	-6.952171	-7.857319	-4.121406	-2.186271	-2.774135	-3.793001	0.3274507	-0.146329	-6.728306	1.913171	-4.54718	-3.259548	-3.045212	-4.797671	-4.02731	-0.4747405	-4.444941	-4.355549	-0.352586	2.606907	-0.06863073	-4.334802	-2.125122	-10.17302	-1.373639	-3.6196	-1.91525	-5.081987	-1.920337	-6.264925	-7.282071
ZOZOW1T-4021	1.900987	-1.030926	2.872379	-5.772884	-2.407341	0.1360067	-1.502158	-3.052071	3.461612	5.299124	0.2260571	6.20439	1.744017	7.070615	1.232972	-1.876866	0.5034221	-3.153484	5.646418	2.17475	5.278645	-1.896646	-3.436255	5.610162	8.441431	5.934377	3.779385	7.83351	8.857599	3.69945	-0.3600374	2.724384	-5.806468	-2.460268	4.737622	-2.951729	-3.339173	-2.636195	-1.795524	-3.298351	-4.952107	-2.322895	-4.829834	-4.00062	0.8657129	-1.901523	-0.2159747	-3.255456	-3.52185	0.478968	3.790829	-0.1608006	-5.133276	-3.671889	-5.785007	-0.7835909	-1.951423	-2.200279	-3.088023	-3.727369	-5.976502	-5.456455	-1.023501	3.036928	-4.638165	-1.579605	5.852862	6.378432	2.665995	1.824126	4.055867	6.618041	6.116364	1.756839	-2.704833	-1.043389	7.561622	4.8626	3.193468	1.451929	1.517068	5.061007	9.759295	9.476065	8.161784	-0.2163657	3.563197	1.578902	1.95874	1.878224	3.844118	3.383055	6.969489	2.212652	2.90144	6.932153	5.798809	2.153944	11.14221	5.819778	-1.72857	-3.124828	-1.180444	9.768311	6.830745	-1.773483	1.66771	2.447722	5.828393	-1.167731	4.929395	0.5140395	3.365987	-4.796915	1.695643	0.2116494	5.798438	0.607119	1.437	-1.612414	-6.190624	-1.387612	2.587209	-4.236934	-1.885665	4.76667	-6.137154	3.441337	1.932803	0.05525748	-0.8038097	-0.4729431	4.180776	-0.7949734	1.148808	-5.435713	-1.82499	-3.587504	-3.429226	-3.800446	3.30702	2.733486	5.986591	-0.2260375	-4.186444	2.166533	2.739141	-0.3126063	-2.001822	1.514727	-7.754261	-2.157953	0.3889229	-5.150975	2.06432	-1.225875	-5.695858	5.215889	4.268065	-4.56665	-3.749754	2.498027	-7.251693	-1.786015	-3.169164	-1.578012	-3.818873	0.215286	5.109989	4.265087	-6.060041	-4.115701	-4.816642	-3.875975	-4.046091	1.141788	-5.692716	-2.18694	2.02338	-5.082429	-2.079576	1.211054	-4.182499	-0.7012413	-4.101373	-1.978198	2.607694	5.363078	4.768928	0.6755044	-1.401992	-1.224952	-5.749115	-3.996726	0.9807926	2.383672	-1.183006	0.7480288	-0.2871972	-3.692337	2.094683	-5.240971	-4.378939	-2.485107	4.700101	0.2451071	-2.837876	0.693435	-3.995202	1.498247	-4.99604	3.003738	2.6564	-3.680735	-6.114742	-3.177001	-1.800874	-3.439229	-1.760553	2.933368	-4.056385	-0.9384847	-4.724562	0.0694176	-6.27147	1.236753	-3.448602	-0.8498058	-3.695732	-1.661984	-5.478824	-4.617675	-5.652497	-4.612762	-3.880022	4.096471	3.966208	1.722278	0.8296493	-3.12506	-1.644931	-0.9924535	0.9004968	-1.975436	-6.028797	-3.033977	-3.138113	-0.3724861	-2.841641	-3.969489	-4.034326	4.108858	-6.107919	-6.221232	-0.3727533	-2.763263	-1.560038	-2.365086	1.536419	-4.010546	-5.481933	-1.942544	-2.751052	-2.174036	-1.095383	-6.436842	-5.283347	-0.8007858	-0.07630754	-4.010159	-4.376408	-3.430902	-4.707827	-2.584051	-1.070077	-3.398422	-3.677843	0.8849657	0.3799401	-5.067814	2.809144	-3.523236	-4.389208	-3.374939	-2.473268	-2.694721	0.0970888	-3.725705	-3.648057	-3.148604	-0.1856936	0.02912255	-5.920759	-1.353026	-2.386945	-1.215692	-7.351389	-6.176914	-5.951762	-1.863594	-2.656444	-5.104873
ZOZOW1T-4022	1.911162	-4.661626	1.218178	-5.181501	1.746724	-0.2819975	-0.8925622	-1.944597	2.204848	4.601363	-0.4888149	6.256825	3.395821	6.591722	0.9895061	0.6840315	0.4411744	-2.692795	5.759676	3.666059	4.491764	-1.299706	-1.617633	5.181053	6.144794	4.88065	2.10716	7.334619	8.006879	3.124151	-1.954307	5.964217	-5.011911	-2.251837	4.308201	-2.376757	-3.224235	-3.835083	-3.0533	-4.531097	-4.341201	-0.9681753	-3.262019	-5.620605	-0.4515129	-3.277769	-2.121032	-6.164078	-4.855838	0.2542793	3.128877	-0.3028681	-5.034112	-2.333489	-1.329995	-0.6900994	-2.533479	-2.532662	-5.421625	-4.424299	-2.915196	-4.118301	-0.6848875	-1.119287	-3.507288	-3.543663	5.845698	4.358489	-2.086712	3.550836	3.95656	5.944019	4.496477	2.89792	-5.815192	-1.831447	8.355863	3.803076	2.7268	0.127152	-1.014057	2.97068	8.994379	8.746408	8.964412	-2.822071	1.226037	-0.4209578	0.9285001	1.236596	6.257882	1.893773	7.683028	3.811417	4.82696	5.276764	5.984722	0.3637757	11.06091	6.644955	-4.087787	-5.895113	-1.310301	10.09322	7.04719	-2.611948	3.027651	7.128605	3.688283	-2.32123	5.510071	-0.5239714	3.370974	-4.185345	1.244261	-1.133621	5.858141	1.691029	2.746305	-4.265339	-4.256359	-1.111701	1.027285	-4.694403	-1.201665	2.963152	-2.430549	3.164349	3.89466	-0.609356	1.869241	0.8453918	2.327307	-0.1554374	1.16898	-5.825837	-2.764895	-4.29016	-2.438359	-5.657434	1.25161	2.334817	4.423374	2.492374	-3.494519	1.71952	1.700279	4.121521	-2.260819	-1.181582	-5.57745	-4.972654	-0.2951238	-5.394514	1.665094	-1.23755	-4.595298	5.585785	3.309666	-3.798342	-1.260219	2.260084	-4.380001	-1.541611	-5.157043	-3.737815	-3.633724	5.362481	3.286514	2.865411	-3.641464	-3.069206	-4.527721	-5.336928	-3.097815	-0.8144094	-4.375068	-1.36626	1.93552	-1.997983	-2.634148	0.5633743	-5.146941	-0.2069218	-6.218125	-0.8536583	2.576511	4.253005	3.467188	-2.603539	-1.386084	0.6372834	-6.21482	-2.269893	0.6179969	1.925082	-4.567869	-2.627067	1.856336	-1.14847	3.557678	-2.897431	-3.225607	-2.840822	2.982571	-1.926882	-0.06029105	1.235835	-5.125737	0.1621764	0.2485087	3.432105	-1.077828	-4.416151	-5.395897	-5.459542	-2.353909	-3.836947	-1.535998	4.584405	-3.672987	-2.484402	-4.929597	0.1534422	-3.730133	-3.026953	-3.135138	-3.655205	-1.553855	-2.223996	-5.748905	-3.587403	-4.565017	-3.992105	-4.198639	1.667282	0.8163254	1.093046	0.985489	-4.483919	-3.977087	-1.996365	0.2639842	-4.663865	-1.80438	-3.376155	-2.552535	-1.708126	-0.5145535	-5.320624	2.239918	4.004379	-5.109631	-5.86621	-1.041321	-1.301168	-1.280326	-3.751614	2.818084	-5.539807	-5.860474	-0.8086625	-5.141279	-4.367011	-2.156336	-6.964346	-6.346408	-1.935727	-3.337937	-2.075456	-3.775321	-5.076679	-6.740165	-1.971492	-0.3438358	-1.662373	-0.4477904	-0.1737586	-1.39295	-6.723736	2.286731	-4.631566	-2.865718	-0.9591329	-3.168464	-4.149555	-0.4001776	-4.272531	-3.519613	-3.240657	-1.617188	-2.077636	-2.579241	-2.004987	1.007893	-3.602344	-4.06777	-4.586033	-4.163329	0.4422374	-6.932859	-5.823805
ZOZOW1T-4024	2.456914	-4.115642	2.168615	-5.29524	0.4062654	1.376365	-1.040144	-1.924068	2.540039	5.684916	-0.3405399	5.614215	2.251731	7.423112	1.621667	-2.070816	0.6509804	-3.892169	5.587704	2.512304	5.18387	-2.386303	-4.183189	5.503048	7.809835	5.19391	3.496877	7.620886	8.872581	3.681115	-1.368771	3.643987	-5.758683	-4.160522	3.742626	-3.32036	-5.768688	-2.669104	-2.116755	-3.490587	-5.673545	-2.676434	-5.11647	-3.950785	0.6867173	-3.697395	-0.5042269	-2.189853	-6.463778	0.6896106	3.007987	-0.7131861	-4.918333	-4.160263	-2.726209	-1.603928	-1.885838	-2.772519	-3.266783	-3.832301	-3.361585	-4.560669	-0.7112395	2.335776	-3.492403	-2.662906	5.683448	6.110703	3.586958	-2.231454	2.857711	6.156257	5.810843	1.559134	-4.94203	-2.682301	8.493836	4.585062	5.07963	1.268502	2.058204	4.611129	9.921126	9.620744	8.79467	-2.129896	3.005104	1.570526	2.642308	1.906709	4.477585	3.353786	7.936694	2.480635	2.981291	6.238703	5.236294	1.666394	11.27939	6.513945	-1.339014	-2.598871	-1.446809	10.17422	7.108624	-1.917675	2.418339	3.813728	5.60526	-2.557556	4.949594	-0.3450157	4.214376	-4.669509	1.152416	-0.2136766	5.322443	-0.341546	1.615	-2.229063	-0.9319961	-6.036281	2.680413	-6.544135	-1.700049	4.156167	-4.960972	2.895179	1.901063	0.1510352	-1.127082	-0.9138281	3.644602	-1.291955	-2.715892	-6.365262	-2.293249	-3.584193	-3.018686	-3.213997	3.566841	2.33509	5.823545	0.1714849	-3.484015	2.383345	1.860043	0.499708	-3.889906	2.176195	-4.09917	-2.973842	-0.1015717	-6.846516	2.653551	-0.8898343	-4.103589	5.646846	4.012195	-4.801373	-5.659027	2.53682	-6.511111	-1.33019	-3.353096	-2.041648	-4.256734	0.7980413	4.652512	3.7781	-4.119828	-1.811543	-4.25797	-5.950977	-4.703692	-0.4336269	-4.06164	-2.223008	1.541546	-4.643106	-3.615909	0.6579422	-4.094227	-0.8952568	-2.551805	-2.363732	3.619776	5.595521	4.70902	-0.8916979	-1.41947	-0.7885951	-5.351768	-3.336515	-0.2187128	1.147688	-1.305572	1.077396	0.02574378	-2.59415	3.756277	-5.902119	-3.200312	-2.535929	4.484865	1.062592	-3.337457	0.572412	-5.659337	2.197274	-3.096965	2.396359	2.434077	-2.077036	-3.650859	-3.892478	-3.526037	-5.841697	-2.773468	4.73493	-3.731329	-1.546633	-4.270232	-0.3490189	-3.434433	1.175162	-2.275569	-1.469394	-3.009127	-2.092283	-5.543868	-3.030886	-4.067566	-4.134662	-2.802014	2.699853	2.714537	1.224906	-0.5694658	-4.332246	-3.078352	-1.467736	0.8259648	-2.440246	-1.924867	-2.755898	-3.504484	-1.383513	-5.718643	-3.320622	-1.032884	4.184502	-4.645282	-6.399157	-0.3543842	-2.488858	-2.384537	-1.845929	1.994093	-2.815467	-4.764333	-2.230219	-2.884187	-2.491978	-1.510285	-5.512747	-5.998205	-1.106003	-4.017923	-0.04880166	-3.567153	-4.70647	-6.312596	-5.740352	-1.506522	-3.575819	-3.8211	0.3196088	-0.4551454	-5.61025	1.570715	-6.145619	-4.030129	-2.638055	-3.599229	-4.860992	0.7745336	-3.930427	-3.87969	-2.237031	-2.253063	0.1226591	-2.909132	-1.981268	-3.850046	-1.431859	-2.11464	-3.830304	-3.754971	-2.424511	-3.650181	-4.586121
ZOZOW1T-4026	2.405504	-3.349447	2.308864	-5.444711	-0.1740108	0.3338438	-0.8182762	-2.306522	2.613081	5.603323	0.3086076	5.535761	2.078382	7.285317	1.93276	-1.312593	1.056883	-3.648114	5.19998	2.541803	5.199073	-2.962773	-3.562059	5.568468	7.83535	5.214756	3.790859	7.713071	8.807683	3.576424	-1.339451	3.343728	-5.709605	-4.001538	3.901863	-3.025102	-3.866172	-2.695894	-1.859413	-3.099133	-5.12521	-2.277113	-4.594688	-4.436969	0.6984309	-4.390708	-0.4965831	-1.89256	-5.245025	0.8381719	1.998374	-0.6598409	-4.723452	-5.944043	-2.441421	-1.305997	-2.280374	-2.542163	-3.174226	-3.746366	-3.228489	-7.566621	-1.081864	2.163023	-3.323514	-2.437122	5.734413	6.21369	2.794474	-1.554268	3.197278	5.618207	6.089907	3.044087	-4.192566	-3.148547	8.768551	4.442809	5.596656	1.66778	2.766307	5.155489	9.464916	9.185723	8.534289	-1.537739	2.314966	1.136339	0.9613594	2.038998	3.871958	3.353451	6.623593	2.178626	2.976321	6.354185	5.004317	-0.2511413	10.37891	6.12268	-2.805021	-3.404361	-1.566262	10.01985	6.826229	-1.906919	2.292606	3.870887	5.26862	-1.872514	5.385108	-0.2095039	4.08557	-3.691394	1.983862	-0.176855	5.156811	-0.4477661	1.259016	-2.445426	-0.7485938	-5.482243	2.847903	-7.905953	-1.641632	3.801545	-5.43473	2.936975	1.885762	0.3862677	-1.420815	-0.5975199	3.52997	-0.8864714	-1.498602	-5.741733	-1.883009	-5.473912	-3.352899	-3.066324	3.43042	2.492551	5.516466	0.4334021	-3.797869	2.348399	1.721279	0.5548142	-3.579665	1.880412	-6.17334	-2.921729	0.5455542	-4.245383	1.983394	-0.5654375	-3.759199	5.344162	3.902468	-3.888184	-6.09233	2.441627	-5.602905	-1.525884	-2.002147	-1.815271	-5.091986	1.083606	4.584249	3.79547	-5.27499	-3.128365	-3.913905	-4.462649	-5.089445	-0.2784947	-4.081529	-2.004069	1.802463	-3.375232	-4.656767	0.7678552	-4.080201	0.03317356	-4.393186	-1.956446	3.723683	5.182764	4.614134	-1.09346	-0.9625606	-1.066442	-5.402271	-3.349948	0.1690249	1.16958	-1.373185	0.4433191	-0.1225069	-2.550694	3.680426	-3.850383	-4.392996	-2.628376	4.425267	2.326534	-1.687361	0.924107	-4.811845	1.758013	-2.282378	2.627736	2.399075	-3.988635	-6.76658	-3.161891	-2.933682	-3.174191	-2.069658	4.224331	-3.747406	-1.179983	-4.421637	-0.1042787	-3.174887	0.7498118	-3.807481	-0.5584762	-2.478623	-1.712208	-5.591825	-3.979104	-5.618849	-3.362853	-6.142392	2.22873	1.955801	1.582689	-0.1635645	-3.863364	-3.49507	-1.285671	0.6375551	-1.72522	-1.683667	-3.45019	-3.495446	-1.032579	-5.157816	-3.60689	-1.31649	4.017579	-5.181768	-6.355725	-0.346433	-2.67858	-2.079082	-2.161176	1.443148	-4.518228	-4.740102	-2.066205	-5.330844	-3.624613	-3.446356	-4.773482	-5.507187	-1.214506	-2.366771	-1.264743	-2.869981	-3.572276	-6.915859	-3.990066	-3.206001	-2.834385	-3.568373	0.3089835	0.04438579	-5.822706	1.973513	-3.189548	-4.073292	-2.704394	-3.383681	-5.788997	0.4460433	-3.840212	-3.791304	-3.141746	0.1927414	0.1021613	-2.536106	-1.879508	-2.315727	-1.259415	-2.524981	-4.90262	-3.407286	-1.56876	-4.055358	-5.555817
ZOZOW1T-6014	1.668711	-5.160776	1.045865	-4.501528	-0.2675691	0.659947	-0.8844962	-1.533701	2.071234	6.141966	-1.961073	4.827023	3.05906	7.819018	2.283785	-1.625791	0.1641871	-3.493077	4.860617	2.557346	5.328549	-4.02823	-0.9543042	4.982623	8.304684	5.942263	3.437856	7.258019	9.1446	3.474345	-2.871173	3.731218	-5.147418	-3.036873	2.901465	-4.410758	-3.172117	-0.3931032	-2.392583	-4.809386	-6.086557	-0.615759	-3.634621	-3.908078	-0.3113964	-2.483441	-1.393009	-4.951941	-3.784397	0.8680201	1.091219	-0.9234272	-5.817918	-2.867954	-1.235905	-1.68967	-2.298891	-1.766594	-3.351528	-5.213467	-1.67407	-1.042192	-0.7177786	2.161211	-1.466075	-2.812643	5.082816	5.609978	1.455033	-1.351136	3.508172	4.471279	5.651451	3.079808	-5.196081	-4.237442	6.147322	3.634051	3.974783	2.755638	-0.7742357	4.252057	9.332885	9.047766	8.763122	-2.570827	2.017327	1.138542	2.140524	3.092605	3.617995	4.666378	4.191655	1.113146	3.707912	6.70549	4.745798	-0.5174269	10.69066	4.937955	-1.045499	-1.562318	-1.976136	9.744263	6.467072	-2.029593	2.851684	2.539531	4.48185	-1.709792	5.311462	0.289654	4.536566	-4.845407	1.31735	-0.9308025	4.761311	-0.9740235	-1.008702	-1.502324	-3.312409	-3.040615	1.566365	-4.657821	-3.272777	3.775117	-4.355065	2.794808	2.265803	-0.2086934	-1.295472	-1.200968	3.005957	-0.6362531	-0.1948802	-6.303304	0.3777173	-4.210035	-3.738877	-4.28295	3.199585	3.055593	4.990824	0.2326085	-2.368568	1.27573	1.908741	2.682889	-4.229741	2.101595	-4.819577	-3.39411	-0.5493814	-7.119637	1.184857	0.350396	-3.368333	5.429544	3.831095	-5.574931	-1.483824	2.491571	-5.419259	-2.535695	-6.319736	4.089704	1.854954	0.2770644	3.698841	3.162502	-3.753578	-4.166427	-3.952539	-5.090587	-6.808396	0.02800378	-4.258554	-2.478157	2.794665	-1.40905	-5.438647	0.1490993	-5.346849	-1.771557	-4.783168	-1.260835	3.135081	4.895435	4.529818	-1.115663	-0.6247474	-0.8874993	-3.60365	-2.366144	0.1777872	1.216267	-2.577386	1.017195	-0.2845317	-1.864241	2.787506	-5.701214	-6.219344	-3.571287	3.709303	-0.232407	-1.741543	-1.108155	-6.35282	-0.4678836	-1.078574	2.189831	2.510844	-0.6384884	-6.0633	-1.882821	-3.516122	-7.761866	-3.191494	3.067864	-2.802885	-4.101161	-4.219112	0.8563739	-5.219633	0.1871127	-3.253028	0.06825495	-2.484408	0.04872656	-6.827236	-5.623932	-5.134925	-5.880689	-2.912262	2.170746	1.089574	2.354601	0.9973807	-3.36812	-3.180977	0.7253004	1.599333	-0.06267929	-2.067557	-3.762058	-4.126123	0.2110251	-3.66653	-3.583285	-0.9627004	4.360171	-4.825842	-5.68904	0.3725235	-2.984275	-3.07436	-3.537938	-0.2598081	-4.060023	-5.03831	0.2446485	-3.820637	-4.32439	-0.02798414	-5.09942	-5.957078	-2.03343	-3.559859	-2.033917	-4.282008	-3.397041	-4.509912	-3.299265	-2.813289	-3.16119	-2.091467	-1.692567	0.8414636	-4.290319	1.308087	-4.271746	-4.990665	-2.630596	-3.486353	-3.368137	0.4450352	-5.52532	-5.82351	-3.543485	-4.681813	-0.09988385	-2.888815	-0.5157137	-3.074704	-1.246517	-4.646456	-3.980052	-4.945868	-1.83744	-5.091577	-4.530836
ZOZOW1T-6021	1.536242	-2.560937	1.199718	-4.378898	-2.106494	1.608269	-1.431592	-3.030751	2.72307	3.644705	1.429511	3.575603	2.103771	7.075469	-0.08121848	-1.752909	1.059862	-4.020053	4.663548	1.994769	5.755366	-3.294174	-4.973423	5.271173	8.441051	5.108097	3.978265	7.689503	7.552232	3.122867	-2.059701	3.88271	-3.819825	-2.412014	4.057262	-3.766222	-4.250311	-0.2938637	-1.392229	-3.330293	-3.493098	-2.793777	-3.895109	-3.572147	0.5206877	-1.331298	-0.6309381	-4.740761	-3.9114	-4.28157	-4.763072	-3.796747	-3.973765	-2.944365	-3.262201	0.4036194	-3.246474	-3.649955	-2.893021	-3.083429	-2.837521	-4.045143	-2.665545	1.966139	-2.289449	-2.775976	5.16108	6.283333	4.281817	-1.555432	2.31936	4.463587	6.16735	-1.159012	-4.470255	-3.601676	8.860731	4.190836	5.399912	2.297031	3.814256	3.205871	9.550556	8.752678	6.763065	-0.2280465	2.522677	0.7383084	2.123296	1.990666	3.129399	5.531892	4.901289	2.068702	4.015298	6.455258	5.5734	-2.688443	11.13131	6.163086	-0.5652543	-2.656856	-5.094218	9.813355	6.360135	-0.483166	1.591377	3.983395	4.92195	-1.56809	6.111815	-1.841341	3.888328	-5.140167	-2.751319	0.003424495	5.00765	-0.1660427	-0.8014492	-1.375709	-2.555581	-0.9170359	2.193527	-6.075799	-1.43431	4.681556	-5.247854	3.334748	2.69247	0.2601751	-1.496311	-2.038717	3.516544	-2.077177	-2.742562	-6.220213	-2.096041	-4.055292	-2.998574	-2.806606	2.295453	2.728172	6.042684	0.5965747	2.19169	1.987988	1.841294	0.4370193	-2.980783	1.3201	-2.885698	-3.045108	-0.5104494	-4.677455	1.977092	-4.119289	-4.779223	4.775002	3.795456	-4.910984	-3.075209	2.421421	-5.062937	-1.848359	-3.562501	-4.056243	-4.407753	1.414851	4.186906	3.110311	-3.827069	-3.885047	-3.825901	-4.721566	-3.997548	1.504135	-4.122313	-1.94268	2.560915	-2.910249	-5.114542	0.5262625	-5.686692	-0.4157634	-1.77233	-2.343114	3.479438	4.99666	2.879276	-4.648604	-0.512824	0.8919668	-3.028516	-1.584226	0.3277402	1.240085	-1.432009	2.42629	0.6431891	-3.263227	3.957068	-6.389596	-3.641205	-2.318831	2.209171	0.2675092	-2.982507	-0.8844941	-6.324385	1.454742	-6.952742	2.820314	2.771879	-2.917768	-5.869787	-2.108459	-4.920088	-5.123454	-1.8079	4.069352	-0.7203922	-3.007868	-5.53903	-0.2280541	-3.578198	1.692196	-6.217231	-2.218609	-2.671036	-2.944289	-5.948722	-4.128174	-4.404625	-3.080709	-0.8366492	1.386474	2.218579	2.613544	-3.501157	-2.751127	-3.525998	-1.271094	0.8294386	-1.362978	0.6971891	-4.332429	-4.240278	-0.7477547	-2.336859	-3.431281	-1.522424	4.504615	-5.468432	-5.314718	0.1932528	-2.410933	-0.8190435	-1.426035	0.8628463	-1.288882	-4.299294	-4.286689	-3.304238	-4.670624	-2.313785	-3.958821	-6.59307	-1.616051	-3.9059	-1.250476	-2.684592	-2.772316	-6.646703	-2.670301	-2.651344	-2.327988	0.1622728	0.08089592	-0.9900993	-4.77478	1.717038	-4.243069	-3.891817	-0.9505576	-4.302513	-3.131848	-0.2759766	-3.873133	-3.811985	-2.923721	2.000224	-1.432624	-4.768837	-2.977904	0.6264536	-0.290303	-2.119205	-3.52509	-5.527378	-1.986621	-4.436661	-4.946664
ZOZOW1T-6031	1.646252	-2.626668	2.06528	-4.405684	-2.231894	0.9978476	-1.084232	-2.126989	1.957425	5.646554	0.5986081	4.466656	1.927623	6.966218	1.167229	0.4425906	0.2724496	-2.75162	4.524639	2.513645	4.958399	-2.690915	-7.142811	4.41421	6.813414	5.171553	3.466559	7.26569	8.174564	3.681505	-4.452662	3.48491	-4.624914	-3.041971	1.833491	-3.605416	-4.249518	-2.68736	-3.517347	-3.449971	-4.801899	-2.688149	-6.212059	-4.205958	-0.7263002	-6.448496	-2.186403	-4.364709	-6.806867	0.0279932	0.5752231	-0.8308155	-6.406915	-3.476165	-2.282812	-0.2445278	-2.306371	-4.352727	-4.224147	-3.836894	-2.662032	-5.020531	-1.789342	0.8516333	-3.47886	-5.778678	4.094491	2.695717	1.806978	-2.105135	3.190076	4.487493	3.043197	-1.107038	-2.675485	-3.296705	9.723798	3.998053	4.38181	2.544132	2.317608	3.947368	7.958995	7.975372	7.290732	1.521319	1.670542	0.5320132	1.922788	1.628178	3.349582	3.630591	4.826682	-0.6109033	1.819539	3.408577	4.587273	1.226849	11.08183	4.514311	-0.870602	-3.116205	-0.4879581	9.302827	6.42396	-1.3906	2.509207	4.04967	4.344033	-3.233986	5.485034	0.01305127	0.7034512	-3.996453	0.09674096	-1.96113	4.649908	-0.8388266	-6.371078	-1.70377	0.2942944	-4.201649	-0.2965229	-5.454781	-3.24055	3.050156	0.2708116	4.171972	2.291806	0.131337	-0.4051343	0.017766	3.436982	0.3186139	-0.2027988	-5.795172	-2.589728	-4.094655	-3.200034	-3.843959	3.332908	2.689654	5.076283	0.4434805	3.603662	2.217403	2.361001	1.797144	-3.325563	1.133107	-5.032216	-4.188029	1.527707	-4.785679	1.816516	-0.8972299	-1.293514	5.081057	3.484461	-3.78337	-1.584613	2.6141	-2.832781	-0.03795934	-4.993943	-1.73496	-3.790194	2.124831	4.147553	2.775773	-7.277634	-3.301481	-5.110688	-5.495887	-3.685791	0.6688909	-6.443103	-2.623258	2.563299	-5.288713	-2.123703	0.6631262	-4.368149	-1.931175	-1.161205	-0.6711842	-0.2535422	4.847251	4.322471	-4.853042	0.6052599	-4.385936	-1.864419	-3.482887	1.349639	2.30223	-1.155721	0.1297601	0.5992118	-2.654703	-0.2883801	-4.259251	-4.223376	-2.515231	3.852069	1.254439	-3.203691	1.70998	-4.53156	1.793352	-4.013887	2.528218	2.144364	-2.84507	-4.218559	-5.188416	-6.081563	-3.535367	-1.407395	1.821927	-5.498777	-1.382938	-4.053555	1.501769	-4.022786	1.067971	-0.9392514	-2.089789	-3.650733	-0.8457072	-6.660728	-3.113562	-2.465267	-4.407775	-4.65398	1.888992	0.9693652	1.797433	0.1094926	-3.590735	-1.850742	-1.006569	0.993077	-1.548998	2.063137	-5.096387	-3.324623	0.6553624	-0.5913553	-5.058752	0.1009793	4.263741	-4.296782	-5.574037	0.272455	-5.402844	-3.041501	-1.269483	1.265084	-5.243783	-6.130611	-2.277953	-4.108402	-5.374516	-4.554531	-3.0908	-4.625558	-0.7529638	-0.3061904	-0.5566798	-3.222635	-4.301544	-5.602931	-2.381076	-0.1388857	-2.4448	0.264275	0.5311532	1.518594	-5.75956	1.533728	-4.275482	-4.653957	-3.019104	-3.142523	-5.311425	-1.18985	-3.269355	-3.18717	-3.657358	-1.45923	-0.7681907	-0.9720418	-1.307802	-7.067949	-1.575359	-3.133616	-5.651336	-4.321101	-1.797806	-4.052525	-2.390553
ZOZOW1T-6041	2.237163	-3.892947	2.28856	-6.789426	-0.2988389	0.4959414	-0.8968729	-1.437194	2.493321	5.532086	0.4290061	4.986566	2.147465	7.227951	1.898062	-1.065615	0.481345	-1.799426	5.049549	2.365864	4.84266	-2.115098	-2.68727	4.981378	6.926149	4.87584	3.556087	7.397591	8.431772	3.434068	-2.493926	3.42847	-5.235859	-2.444532	2.769678	-3.919427	-3.607909	-2.428368	-2.838756	-7.379443	-4.278887	-2.816476	-6.632931	-4.398683	-0.01704043	-2.722906	-1.506606	-3.547752	-5.581749	0.3878088	1.614346	-1.190722	-6.553681	-4.323895	-2.730168	-1.202183	-2.064846	-2.215038	-3.533179	-5.62875	-3.068158	-4.080206	-0.7383863	0.6968416	-2.994265	-3.957388	5.473969	5.261089	1.475434	-0.4132552	3.514706	5.183735	5.166464	2.444527	-6.460724	-2.403852	9.206775	4.230966	5.10084	2.016663	2.411419	4.538357	8.467434	8.393744	7.349402	-1.461418	1.677069	0.3915327	1.2793	1.373865	4.201482	2.97839	6.123336	1.848267	3.54691	5.881998	5.071167	0.8773992	11.77938	5.85253	-0.5024462	-1.521725	-1.47989	10.10895	6.587162	-1.3159	2.379748	3.824775	4.857594	-2.2679	6.288558	-0.1050429	3.465339	-5.107909	1.512548	-0.9641702	5.106241	2.168136	0.3016352	-1.413679	-6.508146	-1.881335	1.686945	-5.904414	-1.685881	4.724046	-5.559352	2.630368	1.950373	0.1176083	-0.8949296	-0.6175013	3.421091	-0.5324524	-0.9075015	-8.333215	-2.131918	-4.634783	-6.334156	-4.071712	3.342084	2.477812	5.305418	0.6167457	-3.31053	2.180373	1.869879	0.8604648	-4.080203	1.258382	-2.495186	-1.256616	0.8549798	-5.090357	1.788684	-0.7203919	-3.201139	5.131233	3.659173	-4.573236	-5.54256	2.407307	-7.087418	-0.1067417	-5.123248	-2.489158	-3.424946	1.402816	4.277374	3.250574	-5.689488	-2.410344	-5.079669	-2.804625	-5.593449	-0.3378402	-3.769702	-3.217162	2.175461	-0.3184972	-3.084651	0.6859468	-6.531847	-0.9922173	-3.391659	-1.547892	2.631328	4.863759	4.177583	-3.517437	-1.178781	-0.4556732	-4.074319	-2.950308	0.6379377	1.459517	-1.644813	0.4632477	0.5960079	-2.319329	3.277557	-4.734465	-3.502745	-3.403629	4.104204	0.265556	-2.344117	1.020442	-6.360198	1.646661	-2.347354	2.549571	2.034651	-3.45683	-5.825969	-4.017956	-3.750901	-4.32431	-2.268607	3.92888	-5.173509	-1.349555	-4.716634	0.6066169	-6.347859	0.8670882	-2.167169	-2.091324	-4.071673	-0.7143172	-5.570976	-5.523972	-4.475807	-2.425725	-2.553422	2.789518	2.218431	1.286537	0.2057748	-3.396254	-4.976348	-1.927966	0.4439794	-1.415044	-1.384971	-3.245622	-2.996726	-0.4826818	-2.109393	-4.6229	-0.7403232	3.541349	-4.359736	-4.384572	-0.2046216	-3.339529	-2.674568	-1.670783	1.236062	-2.087446	-5.869381	-2.593731	-3.837505	-2.787333	-2.167942	-5.041495	-5.881977	-1.70633	-1.38045	-1.294625	-4.967771	-6.816215	-7.895769	-3.355704	-1.875944	-3.02391	-3.072085	0.5807098	0.5991802	-5.270947	1.964558	-4.82454	-3.823357	-6.55969	-6.978311	-8.480805	-0.3763141	-3.859968	-3.41439	-2.477564	-1.129772	0.02981906	-2.169015	-2.842579	-3.054627	-1.532334	-3.165529	-4.406331	-3.865705	-1.380593	-3.922276	-3.496097
ZOZOW1T-61	1.981303	-2.900151	1.465982	-4.980266	1.377863	0.6403999	-1.35587	-1.087404	1.913312	5.597479	0.4626747	4.839324	2.296021	6.894399	1.465132	-1.464449	0.4292308	-3.195937	4.804332	2.577018	4.598477	-2.070098	-1.149249	4.928377	6.675913	4.609468	3.209601	7.121542	8.282307	3.672056	-1.681319	3.502298	-5.019244	-2.597511	2.094993	-3.622092	-3.595442	-1.584277	-3.565085	-3.931609	-4.558651	-3.141314	-3.22585	-3.959132	-0.1996841	-2.673298	-2.232671	-5.026369	-7.195456	0.7604944	1.013887	-1.866266	-4.114823	-3.045025	-2.155472	-1.601642	-1.745662	-1.221759	-3.398103	-5.145749	-1.74169	-4.665413	-1.442339	1.496511	-2.266742	-2.306861	4.927757	5.068123	0.9787307	0.122355	2.830375	4.566087	4.183335	0.2865422	-4.018022	-2.269613	7.147742	4.430859	3.552812	1.645487	1.745206	3.923863	8.556547	8.548763	7.874019	-1.006598	1.592962	0.7841391	1.902238	1.640147	4.644409	2.670597	6.340877	1.829349	3.286636	5.158505	4.637882	-0.9323764	11.06379	6.034177	-1.08689	-2.272811	-1.696156	9.610934	6.627177	-1.925042	2.16848	3.531367	4.669997	-1.318212	5.180435	-0.302579	3.331154	-5.242907	0.6217445	-1.120891	4.893682	-0.909636	1.515364	-2.742402	-1.620835	-1.436812	1.269308	-5.298404	-2.192724	3.508658	-6.76048	3.299098	1.684061	1.049764	-0.8874339	-0.5249696	3.330466	-0.4526155	1.439058	-5.461456	-2.322228	-4.879442	-4.683466	-4.819392	3.240295	2.455476	4.858786	0.6056958	-3.951814	2.209324	2.168292	0.9937738	-3.024355	1.632126	-1.547442	-1.526573	0.7512165	-5.770007	1.329059	-0.8770796	-2.679804	5.342203	3.404771	-4.484176	-0.2904564	2.401896	-4.257911	-0.8066382	-6.096622	-2.236234	-3.957096	1.605512	3.898614	3.248168	-4.339261	-4.449637	-4.288812	-4.089401	-4.391479	-0.09280516	-6.029556	-3.01898	1.451754	-3.872919	-3.50916	0.5833973	-7.661728	-1.688858	-5.002329	-1.290181	2.038278	4.858062	4.491735	-6.214674	-1.286542	-0.1706645	-3.807252	-4.181903	0.4673303	1.062942	-1.508151	0.2302498	0.3965721	-2.169703	3.205208	-6.819717	-6.138196	-2.802345	3.879717	-0.6043125	-1.665288	1.051945	-4.829357	1.174681	-1.512124	2.393632	1.735527	-3.314425	-3.519583	-4.106934	-5.741499	-4.856765	-1.887902	4.931932	-5.312756	-1.135676	-6.387415	0.01309338	-5.89798	1.038454	-2.7815	-3.027161	-2.548808	-2.079089	-5.829385	-6.386028	-5.676299	-3.36449	-1.856547	1.888905	1.812432	1.12866	-1.747397	-2.471941	-2.801525	-1.563717	0.3137686	-1.756831	-5.144809	-3.284209	-2.908121	-0.7461852	-1.792813	-5.630853	0.1982214	3.658073	-4.280418	-5.238202	-0.1596338	-2.399943	-2.35194	-1.113466	0.8454503	-1.579217	-4.357086	-1.842859	-3.892496	-3.720265	-1.80293	-3.168332	-5.595706	-1.095219	-2.643939	-2.065373	-2.425107	-4.469937	-6.584882	-2.15005	-1.771292	-2.623345	-1.798334	0.4841362	0.8558382	-3.956342	1.273567	-5.132191	-4.386345	-3.218719	-5.030626	-5.445889	-0.04027656	-3.087603	-2.996508	-3.616474	-1.848805	-0.5948012	-0.8745711	-1.694308	-0.9448858	-1.512302	-1.577678	-3.544971	-3.306804	-1.255344	-5.60438	-3.897315
ZOZOW1T-62	1.72612	-2.814858	1.675303	-4.493782	-2.779924	0.647067	-1.056185	-0.9483123	2.125162	5.447011	0.7611707	5.009274	1.87054	6.581694	0.9478366	0.10357	0.6979627	-2.950315	4.921664	2.533793	4.592953	-1.656066	-1.915179	4.802861	6.71352	4.598942	3.549967	7.136092	8.365304	3.463342	-2.073356	3.442559	-5.928542	-2.62346	2.633717	-3.535162	-5.774063	-1.680866	-3.371408	-3.605177	-5.339355	-1.673193	-6.536664	-4.379817	-0.161407	-2.490574	-1.852209	-6.090243	-5.823284	0.8227808	1.053246	-1.684579	-4.433079	-4.515953	-2.079374	-1.152982	-1.643651	-1.258248	-3.424495	-6.500644	-5.925446	-4.416087	-1.569328	1.161948	-2.435743	-2.828083	4.996994	5.089308	1.199216	1.561578	3.131415	4.526952	4.577533	1.37947	-4.33041	-1.832435	8.109156	4.240332	3.970456	1.269618	2.119164	4.038404	8.676847	8.517755	7.751921	0.01501429	1.802289	0.5285299	1.815366	1.399082	4.490166	2.558551	6.774924	2.005606	3.489487	5.26384	4.961077	-0.9761022	11.19834	5.963964	-1.097498	-1.961113	-1.410281	9.555258	6.367938	-1.356469	2.296516	3.58016	4.705864	-1.275972	5.69732	-0.3551652	3.47444	-6.638793	1.138174	-1.334798	4.929202	-1.050237	1.999712	-2.365986	-2.491101	-7.881889	1.392234	-4.278957	-1.922448	3.446496	-4.807708	2.641498	1.864828	1.041794	-0.5970045	-0.4092985	3.12002	-0.2573665	-1.409966	-4.962709	-2.38819	-4.606205	-4.354417	-3.433063	3.052671	2.479651	5.042367	0.6286332	-4.741643	1.96583	2.224823	0.822014	-3.506482	1.161754	-4.567079	-2.155895	0.621816	-4.654097	1.257013	-0.5574408	-2.494749	5.070459	3.431633	-4.505507	-0.7431628	2.367272	-4.120339	-1.0387	-6.541696	-5.315111	-4.99112	1.683391	3.854216	3.033175	-5.611514	-2.634823	-4.260057	-5.183108	-3.977072	-0.1427676	-3.772613	-2.875299	2.375746	-1.678224	-3.199292	0.8537636	-4.18395	-1.405144	-4.28588	-0.8361354	1.984207	4.852757	4.356235	-1.923606	-1.239811	0.01299465	-4.797194	-3.788618	0.5738795	1.35025	-1.619734	0.3014103	0.3332763	-2.36735	3.4379	-4.529077	-4.688596	-0.3720264	3.669664	0.781067	-1.32917	0.9533653	-3.495913	1.02742	-0.9259719	2.500751	1.59148	-1.186354	-6.81775	-5.417681	-4.001792	-3.190656	-1.3827	4.288801	-7.415245	-1.054964	-4.388628	0.5831555	-5.44311	0.7743179	-2.926124	-4.654699	-2.061136	-1.415556	-5.359601	-3.416475	-5.615899	-3.587635	-2.036581	2.495985	2.070289	1.049066	-1.611821	-1.260503	-2.651783	-1.194587	0.4355896	-1.617864	3.148475	-3.075218	-3.087796	-0.7204775	-1.439013	-5.343443	0.3278561	3.690833	-4.364291	-4.117317	-0.1395921	-4.645888	-2.103346	-1.090106	1.244473	-1.684697	-4.500985	-1.900511	-5.864382	-4.008381	-1.265366	-4.700997	-6.340812	-0.9519756	-2.809663	-6.536545	-4.682489	-3.129064	-7.098273	-1.865709	-1.295634	-1.736627	-1.989906	0.6786811	1.008576	-6.232278	2.010356	-3.921527	-4.557575	-3.101354	-4.039007	-3.71304	-0.1809824	-3.150246	-3.043113	-2.455954	-1.909183	-0.4892565	-1.736061	-1.400729	-0.7474129	-1.616206	-4.519435	-2.950873	-3.21601	-0.8941839	-2.568836	-4.061498
ZOZOW1T-63	1.646777	-2.058276	1.61489	-4.364175	-2.520536	0.4588928	-0.8496038	-1.056189	2.146404	5.705826	0.9750103	5.060512	2.10492	6.690444	0.973564	-0.2811242	0.2500912	-3.510998	4.891647	2.48849	4.701268	-1.060169	-1.674792	4.901035	6.868701	4.67917	3.235906	7.175839	8.374293	3.679157	-1.877179	3.357577	-6.85014	-2.404494	2.553404	-3.490206	-3.527655	-1.738688	-3.363559	-4.111959	-4.701253	-1.375157	-4.99711	-5.587208	-0.2061379	-2.511958	-1.89948	-6.094134	-4.898891	0.8367506	1.108633	-1.747134	-4.312106	-3.246183	-2.157188	-1.128381	-1.765191	-2.178409	-3.260858	-6.267802	-5.907979	-4.224188	-1.656009	1.154058	-2.093323	-3.00324	4.998005	5.106757	1.06142	-0.5102209	2.984275	4.425033	4.589715	1.230639	-4.887676	-1.254571	8.280638	4.481525	3.707724	1.296303	1.910588	4.117508	9.251246	9.090734	8.241245	0.2207861	1.373522	0.5620505	1.845283	1.73147	4.189836	2.812798	7.391724	1.668444	3.085968	5.373262	4.863169	-1.126365	11.31772	5.810213	-1.53609	-2.318029	-1.22135	9.392943	6.259785	-2.114886	2.191396	3.459901	4.491229	-1.492618	5.488057	-0.4388593	3.633238	-4.405915	0.9345847	-1.308176	4.856508	-1.37725	2.697705	-1.977998	-6.026512	-7.110254	1.377473	-8.976162	-2.090161	3.52678	-4.583592	2.746343	1.735326	1.31277	-0.275469	-0.5147541	3.172086	-0.4033865	-1.197319	-4.786397	-2.202866	-4.38374	-4.177902	-3.294918	3.1068	2.585455	4.793156	0.3161699	-4.577113	2.049003	2.23252	0.8997765	-2.953768	1.647246	-4.693936	-1.923678	0.5802494	-4.44506	1.176898	-0.7281846	-3.889636	5.086812	3.411073	-4.440356	-0.8096486	2.438207	-3.905231	-0.6889662	-6.850485	-5.040799	-6.432214	1.612376	3.890061	3.134137	-5.111308	-0.4057381	-3.987979	-1.205606	-3.983057	-0.2008249	-3.383409	-2.930799	2.414171	-3.781781	-3.54206	0.8031039	-5.012965	-1.576655	-2.105985	-1.214202	1.939347	4.78077	4.336258	-3.106332	-1.297715	-0.1914049	-5.863909	-4.082273	0.5584826	1.308139	-2.358853	0.2589313	0.4349537	-2.47438	3.115183	-4.542448	-5.053426	-4.70268	3.543692	0.7113897	-2.040059	0.7609298	-3.037222	0.8814269	-0.8506684	2.225756	1.598111	-3.155359	-3.80202	-5.266421	-3.928392	-4.241577	-1.484204	4.251616	-6.350714	-1.103799	-4.506184	0.3096033	-4.660743	0.8745295	-2.950148	-2.645601	-2.670638	-1.447957	-4.299407	-5.24008	-3.788387	-4.76164	-2.452313	3.196713	2.901418	0.9870553	-1.570965	-2.366915	-2.684151	-1.281392	1.071073	-1.483907	2.734424	-2.361323	-3.171675	-0.6420925	-1.536492	-4.43024	0.1997323	3.858864	-4.878289	-5.315928	-0.4124178	-4.392483	-2.289507	-1.644886	1.640097	-2.154311	-4.781903	-1.898473	-4.206107	-3.899182	-1.056802	-4.719773	-5.016424	-0.9328722	-2.63436	-1.199554	-4.995132	-1.924055	-4.259589	-1.954152	-1.105079	-2.013452	-2.356911	0.6194162	0.9024103	-4.079504	1.919418	-3.836233	-4.499262	-3.050786	-4.781572	-6.271993	0.3951222	-3.099829	-2.992768	-2.481923	-1.873281	-0.4628834	-1.786856	-1.568146	-1.328662	-1.438624	-3.665102	-3.454253	-2.992119	-1.281436	-2.083236	-5.589926
ZOZOW1T-64	1.256912	-4.512582	1.327065	-6.694028	-0.9433336	0.3011788	-0.9434522	-1.435316	2.00628	5.390688	0.8535496	4.187539	2.328407	6.844598	1.678421	-0.9570273	0.5220418	-3.714077	4.666492	2.238651	4.50718	-2.141724	-7.461467	4.758715	6.664343	4.630724	3.189315	7.111735	8.16024	3.672323	-2.115557	3.637975	-5.113301	-2.987419	2.102795	-3.592789	-4.853648	-2.016614	-3.407499	-2.554211	-5.153066	-0.9709714	-5.68677	-7.065799	-0.3314799	-2.70954	-2.275336	-5.163342	-5.508129	0.4935912	0.8308671	-2.224444	-4.835832	-3.398232	-2.070072	-0.9284611	-1.758157	-2.17719	-3.88166	-4.346214	-1.983142	-4.636114	-1.429948	1.40735	-1.937939	-3.227854	4.841738	4.957757	0.9140806	0.04037858	2.55964	4.42049	4.188025	1.413137	-3.06774	-2.070852	7.241972	4.137715	3.603763	1.994739	1.76061	3.869237	8.579629	8.61249	8.055826	-0.7514316	1.590502	0.7589577	1.79414	1.73842	4.268961	2.677177	7.045697	1.914584	3.406147	5.427658	4.572948	-1.688841	10.41625	5.811077	0.003735304	-1.169977	-1.792718	9.32964	6.482516	-1.415502	2.227671	3.569232	4.483169	-1.551676	5.327512	-0.3241629	3.504923	-6.597153	0.6605959	-1.204837	4.696158	-1.212265	2.107745	-2.692273	-1.801515	-1.671364	1.263748	-4.655097	-2.267745	3.371226	-6.186001	3.083293	1.582016	1.109548	-0.4695301	-0.4181212	3.232279	-0.4155947	-1.454983	-6.598818	-2.643109	-4.595281	-4.339265	-4.370501	3.310139	2.25757	4.662547	0.4017687	-4.546497	2.10786	1.98416	1.118262	-2.273957	1.600022	-0.5156887	-0.02581	0.6867272	-3.837159	1.048613	-0.8123613	-4.29634	4.787543	3.280252	-4.622668	-0.5430772	2.230008	-3.686719	-0.5323528	-6.500138	-2.418059	-6.343633	1.82429	3.80641	3.031739	-6.409874	-4.04513	-4.777421	-5.463927	-4.58608	-0.09156626	-7.980742	-2.992712	2.148735	-3.914647	-2.679135	0.4069987	-5.092752	-2.3754	-3.943339	-1.225344	2.26321	4.698386	4.298092	-6.429487	-1.188	-0.4447975	-0.8197153	-4.2508	0.7810351	1.070432	-1.689952	0.131093	0.4778191	-2.43652	2.958271	-4.956548	-4.523103	-2.964224	3.66847	-0.7050637	-2.946838	1.288987	-3.982379	1.283525	-1.124438	2.387414	1.74823	-3.059401	-1.655621	-4.831184	-6.841283	-5.217214	-1.896704	5.074701	-3.987278	-1.478479	-5.15526	-0.1405178	-5.914494	0.8597679	-1.980622	-2.058237	-2.092668	-2.131439	-5.524814	-3.520219	-5.632238	-1.325407	-0.7775574	1.589296	1.326362	1.315884	-1.647857	-3.845696	-9.174569	-1.84435	0.1328717	-2.222981	-4.150414	-3.205845	-2.598266	-0.9970028	-1.891563	-6.577435	0.3566654	3.566405	-4.114624	-5.9305	-0.1132877	-1.880519	-2.228838	-1.928577	1.135085	-0.3279076	-4.770069	-2.03494	-5.418133	-4.315946	-1.80733	-1.414497	-5.409312	-1.070109	-2.51266	-7.030499	-4.675064	-3.57995	-6.573554	-2.56318	-1.783698	-2.38066	-1.84011	0.6076049	0.7088714	-5.930348	1.638065	-3.335632	-4.534719	-3.071972	-5.837274	-2.52768	0.02304684	-3.455027	-3.370718	-3.613247	-2.044857	-0.712693	-1.301439	-1.414882	-1.196466	-1.633074	0.5794494	-3.871324	-4.343822	-1.937606	-5.027542	-3.697527
ZOZOW1T-66	1.797924	-2.845956	1.59094	-4.14425	-2.621648	0.3044724	-0.8006455	-1.171589	1.855695	5.407757	0.4994982	4.74779	1.983172	6.495868	1.293025	0.08827114	0.6706004	-3.012212	4.629942	2.379747	4.54559	-1.872854	-2.328425	4.842804	6.611377	4.54691	3.451258	7.170335	8.326693	3.517848	-2.833825	3.481177	-4.955941	-2.729731	2.509353	-3.16271	-4.653772	-1.868631	-3.085589	-3.848921	-6.239976	-2.59832	-4.768227	-5.702547	-0.2131386	-6.120797	-2.074938	-5.764552	-5.314361	0.6176431	0.7568139	-1.710466	-4.310912	-4.998949	-2.025168	-0.9688996	-1.835852	-2.150572	-3.755625	-3.846493	-4.731365	-4.143789	-1.756682	1.187956	-2.632951	-2.509001	4.925951	4.900347	0.9557006	-0.5027388	2.825078	4.416174	4.597946	1.898242	-6.064112	-1.892519	7.540967	3.815883	3.59191	1.651701	1.527024	3.722921	8.342055	8.224103	7.517353	0.2226877	1.519365	0.2140518	1.700493	1.232655	4.095615	1.957289	5.891752	1.732635	3.391431	5.297497	4.737076	0.05932339	10.96632	5.689185	-0.2433683	-1.284839	-1.818552	9.416316	6.343428	-1.698766	2.297368	3.555663	4.429772	-1.531834	5.193649	-0.5598659	3.602613	-3.815495	0.8986825	-1.337136	4.560437	-0.9998111	0.3829209	-3.092573	-5.527749	-1.335116	1.324643	-6.075896	-2.049762	3.370993	-7.343773	2.994727	1.701648	0.594821	-0.388455	-0.3324104	2.998775	-0.2355765	0.8024864	-4.245781	-2.18855	-4.660618	-4.403368	-3.161262	3.001339	2.415989	5.181901	0.4838637	-3.190452	2.170755	1.914825	1.346933	-2.781989	1.354713	-4.117233	-0.5325334	0.8283681	-6.111489	0.9713527	-0.788616	-4.303429	4.782915	3.389307	-4.657696	-1.126604	2.230249	-3.228667	-0.7988197	-3.768956	-3.506673	-4.902235	1.753837	3.703741	2.931523	-4.087286	-4.637756	-4.76743	-4.428519	-4.339413	0.1241839	-3.285559	-2.846773	2.238996	-7.31143	-2.698974	0.4937146	-3.747478	-1.727283	-4.621822	-1.013002	2.362504	4.578889	4.255018	-5.328896	-0.9210141	-0.1018729	-3.031142	-3.65749	0.6559307	0.7707403	-1.773793	0.3423603	0.4447666	-2.606644	3.250155	-4.24374	-4.3091	-2.17396	3.497673	-0.001815796	-0.679191	1.086745	-3.552785	0.9799376	-0.880864	2.348724	1.523465	-1.856694	-4.961803	-3.56482	-3.511981	-1.994238	-1.446587	4.577128	-3.146587	-1.263776	-6.214561	0.4203171	-3.752217	0.8265824	-2.569191	-2.092243	-2.795986	-2.419172	-5.413468	-4.488298	-4.835966	-3.977232	-2.586082	2.541111	2.047044	1.067543	-1.560631	-2.325544	-3.064702	-1.71931	0.610664	-1.975111	2.348624	-2.863022	-3.1954	-0.695449	-1.962272	-3.546254	0.1862824	3.75824	-4.498546	-5.520878	-0.2546251	-2.438558	-2.404605	-1.090529	0.8981389	-2.511834	-4.601097	-2.163285	-2.829399	-4.496204	-1.565691	-4.216116	-4.381055	-0.9198806	-3.404993	-1.034207	-2.421434	-4.541034	-7.089415	-2.422303	-1.552802	-2.047914	-2.318314	0.6066232	0.9004785	-5.282269	1.713765	-5.570403	-4.190457	-2.989572	-5.07674	-5.420385	-0.6781423	-3.314002	-3.201654	-3.119967	-2.631539	-0.4775431	-1.610609	-1.683819	-1.354614	-1.725308	-5.432376	-4.499015	-2.741483	-1.061231	-4.763381	-5.210753
ZOZOW1T-68	0.7481515	-4.081267	1.945131	-7.229865	-0.1731774	1.34649	0.4200268	-0.674448	2.132297	5.567577	0.8752522	4.782393	2.348756	7.494742	1.801927	-0.5768892	0.3134952	-6.081645	5.049938	2.991966	5.344311	-0.779369	-1.335632	5.008869	7.204753	5.429641	3.615712	7.064839	8.530639	3.87101	-1.542697	4.29138	-5.000246	-2.602274	1.791757	-2.788016	-5.932266	-4.131357	-4.525324	-5.457977	-5.524992	-2.026904	-6.397733	-4.79565	-0.7573581	-3.952363	-2.083139	-4.551502	-3.861254	0.7042162	0.4779499	-2.111366	-5.117111	-5.746292	-1.611148	-1.093457	-2.706319	-2.669094	-4.369323	-6.436687	-2.907763	-4.160885	-1.313174	1.221431	-3.37743	-5.756219	4.36063	3.76374	2.03107	1.10682	2.364132	4.017789	3.533498	0.8052927	-3.86939	-2.275448	10.35529	4.403974	5.479963	4.099361	2.995963	4.455891	8.666783	8.674842	7.655396	-1.33194	2.210213	0.5655763	2.213647	2.142513	4.653157	3.213101	6.269682	3.026373	4.158737	5.549755	4.572922	-0.9976363	11.60021	5.720613	-0.02786636	-2.026144	-1.912237	9.770706	7.444243	-1.713499	2.600309	4.191079	4.231062	-2.196648	6.392635	0.06205082	4.069937	-5.46213	0.1547265	-1.325909	5.070592	-0.9460157	1.842205	-2.282266	-3.690237	-4.258752	0.665933	-7.385035	-4.497317	2.892343	-2.811487	3.50529	2.605067	1.117186	-1.898523	0.3176687	3.558489	-0.1180515	1.603989	-4.698416	-3.32092	-7.671074	-5.078354	-4.029516	3.58154	2.725531	5.304498	0.7718404	1.541752	2.506394	2.386156	1.873938	-3.303794	1.847966	-5.895258	-2.404186	1.846474	-4.183326	1.304093	-0.3307519	-5.038061	5.457637	3.560416	-5.423828	-0.4159046	2.2003	-3.061917	-0.5221524	-5.708605	-0.7410608	-4.09199	2.607568	4.42481	3.538273	-3.641319	-3.470758	-3.7341	-5.007814	-3.991391	0.5807136	-3.875266	-6.504804	2.414357	-6.049816	-3.185697	0.9148046	-5.384319	-1.675864	-4.390236	-0.6694384	2.557551	5.007867	4.54475	-1.557498	-2.248882	-1.79636	-2.977831	-1.732724	-2.460199	2.138017	-2.282165	-0.2173912	1.032986	-1.82814	4.471622	-5.130103	-0.3174179	-3.972822	3.839983	1.765489	-0.3537946	2.039244	-1.640815	2.693113	-0.6166481	2.616517	2.100769	-1.432874	-3.80798	-5.897366	-2.688622	-1.459636	-1.620985	2.262822	-3.905208	-0.6881031	-6.282562	1.079306	-4.947001	1.299079	-1.165562	-4.91026	-2.939169	-1.555823	-6.183154	-1.894069	-4.956707	-4.536246	-5.921906	3.000751	2.43191	1.884926	-0.6497127	-3.095243	-2.176159	-1.144951	1.555886	-3.502944	2.800979	-4.124678	-2.930542	-0.03293717	-0.8996037	-5.004669	0.5013756	4.032119	-4.887382	-5.247403	0.01521921	-2.879586	-2.710914	-4.336501	1.791236	-4.314672	-4.211979	-2.357337	-4.522804	-2.484731	-4.541718	-5.528775	-6.135608	-1.138582	-2.786853	-1.518795	-5.399138	-3.886652	-5.807397	-4.166438	-4.649476	-1.317351	-1.039942	1.11807	1.715432	-5.137647	1.953524	-2.870606	-6.123518	-3.658501	-4.803495	-3.931784	0.1935008	-4.107872	-4.014491	-4.364913	-2.273714	-0.2185802	-1.80442	-0.7584084	-1.220715	-1.248708	-1.991801	-3.817971	-4.612156	-0.9702891	-2.920735	-4.617452
ZOZOW1T-70	0.9252115	-3.782002	2.116794	-4.330057	-2.620576	1.241659	-0.2033048	-0.3786275	2.183506	5.691085	1.294677	4.858263	2.311907	7.443674	1.908352	0.5140895	1.158524	-2.553178	4.982729	2.920253	5.107081	-1.626152	-0.7631781	4.618121	7.02895	5.058518	3.58589	6.952609	8.348713	3.768375	-2.487196	3.795963	-5.256952	-2.723939	2.760241	-4.286264	-4.553374	-2.477774	-4.308901	-3.92299	-6.389202	-4.32297	-4.95191	-5.882528	-1.447724	-3.655808	-2.639231	-5.00294	-6.568439	-0.02464521	1.250201	-2.089327	-5.803159	-3.082114	-1.880916	-1.328715	-2.933671	-4.447932	-6.208796	-3.936584	-4.691127	-6.156653	-1.992323	1.650729	-3.385724	-6.278875	4.018814	4.186618	-1.484946	2.126923	2.363277	4.442832	3.074882	-0.9291666	-3.98685	-1.919898	7.977498	4.210365	3.896051	2.085606	1.374028	3.825486	8.804978	8.909485	8.126061	-2.167867	1.858571	0.75816	1.51114	1.850575	4.620464	3.173206	7.013194	1.390287	4.363968	4.068248	4.813061	0.933525	11.37909	6.505756	-0.7632508	-2.472046	-1.481471	9.786078	7.087128	-1.054769	2.84085	4.584655	4.698042	-1.024872	4.725581	-0.2312908	3.393981	-4.548403	-0.09667993	-1.725233	5.116734	-1.109138	2.943284	-2.771894	-1.691073	-6.901044	0.06452727	-6.007683	-4.431946	2.879205	-6.176992	2.88356	2.42804	1.894166	0.04035258	-0.06016403	3.278649	-0.1096158	-2.078573	-6.360748	-2.982137	-4.643161	-4.400455	-3.838326	3.332476	2.597521	5.372913	0.4582896	-0.06670785	2.23123	2.899714	1.704997	-3.30103	1.635524	-4.264653	-4.380159	1.545098	-5.418901	1.368078	-0.5822039	-2.076117	5.541186	3.469245	-4.511567	-1.363117	2.380223	-3.978475	-0.6090727	-5.976758	-1.440657	-6.985197	2.413171	4.144983	3.401506	-5.727352	-4.525251	-3.851652	-4.631814	-3.983899	0.4632549	-3.396724	-2.890367	2.470709	-1.822152	-2.989161	0.7022799	-3.602624	-1.429228	-4.493128	-0.8252015	1.165431	4.818575	4.28836	-1.843126	0.09678449	-0.5403066	-4.22966	-3.118459	0.482538	1.765486	-1.852267	-0.6102019	0.7736834	-2.029976	0.4606791	-5.837483	-0.5181732	-2.098189	3.75796	0.9878113	-2.645571	1.650767	-2.934913	2.022599	-0.2707351	2.360747	1.994062	-1.071273	-5.134874	-4.852619	-5.70666	-6.961655	-1.413604	2.473044	-2.325292	-0.8506627	-5.776512	1.079504	-4.175317	1.048488	-3.172122	-4.639297	-2.940504	-0.9571026	-5.3765	-3.162415	-5.548309	-1.937853	-4.601668	2.369882	1.607097	1.619368	-1.092215	-1.051974	-2.008122	-0.9539591	0.9992187	-1.216005	-7.433876	-3.685048	-3.1706	-0.2534792	-1.425099	-2.402707	1.087139	3.966143	-6.412321	-5.207618	0.0122208	-5.032052	-2.745012	-1.176286	2.064161	-6.409959	-4.139447	-1.621936	-4.19545	-4.432666	-1.767475	-5.632699	-6.530772	-0.5710956	-2.654489	-0.09008837	-4.464759	-2.851566	-8.096362	-2.796622	-1.818467	-1.512497	-1.521783	0.609094	1.094674	-4.373904	1.948179	-4.671968	-4.699111	-3.630242	-6.098701	-3.127938	0.1013764	-3.179081	-3.074885	-3.289705	1.160814	-0.2972825	-1.691456	-1.46778	-0.3583925	-1.31464	-5.305588	-3.318522	-3.618731	-1.060438	-4.660296	-5.784135
ZOZOW1T-7011	0.5737083	-3.101269	2.175449	-4.707942	-1.046171	0.9406753	-1.057921	-1.273367	2.081793	5.51738	1.175152	4.567735	0.4890739	6.659146	2.179043	0.1576304	0.7615955	-2.88334	4.677786	2.10935	5.167016	-2.145277	-2.784303	4.864842	6.584254	4.738219	3.457069	7.483255	8.643208	3.542974	-5.290545	3.219891	-4.764828	-3.061156	2.565656	-2.349361	-2.653436	-0.5172662	-2.165511	-2.150357	-5.547396	-0.5533652	-4.923026	-4.946617	-0.2098848	-2.746481	-1.590538	-4.93635	-4.777688	0.9569397	1.161782	-1.486895	-3.137523	-2.780495	-2.040988	-0.09029251	-2.952721	-3.268763	-3.801947	-4.348038	-1.948403	-2.938331	-3.239808	0.7808565	-1.05306	-3.997694	5.68476	5.284544	1.211286	0.1523695	2.51974	4.878808	4.949839	1.482564	-2.279409	-3.40457	9.655491	4.124341	3.653026	1.04421	1.781089	3.711343	8.761334	8.678794	7.61983	-1.176416	2.112405	1.329875	1.935379	2.010498	3.811571	2.44873	5.839386	2.668065	2.819155	5.182441	4.67972	0.3517094	11.11996	5.819703	-3.075065	-4.59995	-2.541514	9.521258	5.918905	-1.849653	2.983064	4.039163	4.514244	-2.009413	5.658633	-0.3808422	4.159796	-4.220877	1.235646	-1.204883	4.845193	-0.7389816	0.4407642	-4.089008	-4.454941	-0.8133751	1.566223	-5.341965	-0.8083513	3.699573	-2.710906	3.389869	1.80154	0.2784087	0.2200211	-1.19859	3.262811	-1.305685	-2.034621	-4.850257	-2.198281	-2.456952	-3.695699	-3.102219	2.901583	2.330049	5.320989	-1.763325	-1.884648	2.441067	1.698831	-0.02276117	-3.388613	0.0698359	-5.057373	-2.817692	1.603883	-5.295967	0.6904463	-3.104816	-4.936666	4.727547	3.771941	-5.433186	-0.3934882	1.953699	-4.926675	-0.1541189	-5.609382	-3.135279	-4.007424	1.790709	3.930049	2.97268	-4.232098	-2.465625	-4.866252	-4.245092	-4.011234	0.5426993	-5.245791	-3.534967	2.584503	-3.081623	-3.7886	0.2833692	-3.301618	-2.306203	-4.513063	-1.436671	2.521845	4.891018	4.396308	-3.530859	1.899718	-0.801999	-4.875406	-3.314861	0.1030543	1.308491	-2.519682	0.7120958	0.9466432	-3.317878	2.807548	-5.986183	-2.899903	-5.736453	3.644183	-0.6310649	-3.311713	1.578323	-6.531435	0.8508245	-1.795782	1.968807	2.048699	-2.505128	-4.873894	-3.008583	-3.80867	-3.749374	-2.161888	3.80354	-4.100141	-1.459028	-4.550511	1.034757	-4.490122	-0.8366993	-4.228603	-2.51481	-1.120014	-1.353386	-5.601381	-4.639792	-3.631055	-3.138333	-4.830626	1.836538	1.263777	0.5285474	0.9531327	-3.692536	-4.386438	-0.4823028	1.109432	-3.407128	-2.257147	-2.847544	-3.957079	-0.3515235	-2.952962	-4.903681	-1.783358	4.395099	-5.749115	-5.511086	-0.8937249	-3.816512	-2.85805	-2.328107	1.232686	-4.622066	-4.683698	-4.723423	-3.461527	-4.42342	-0.1609945	-5.494566	-6.069682	-2.016129	-1.031682	-1.039993	-3.317673	-3.051066	-5.851337	-2.05267	-0.1838362	-2.045476	-1.604339	0.07828561	1.118333	-5.485942	1.508483	-5.596809	-3.134508	-1.598672	-6.477747	-3.518494	-0.1588066	-2.48802	-4.630681	-1.370398	-3.200441	-0.2469846	-2.43481	-2.209319	-0.3308976	-3.329246	-5.318666	-3.402456	-3.737919	-2.00279	-2.750976	-4.654101
ZOZOW1T-7012	-0.3734612	-3.462125	2.000736	-4.755911	-1.03517	2.194947	-1.492718	-1.663341	2.934506	5.682563	0.2619458	5.102096	2.88252	6.850485	2.008265	-1.122498	0.05223367	-2.348837	5.225733	2.990263	5.591839	-1.749179	-3.969707	5.333515	7.079637	4.494329	4.028848	7.712329	9.019608	3.858323	-3.664613	3.828205	-7.346626	-2.993577	2.463422	-3.17746	-2.291873	-1.502848	-1.136025	-4.37664	-5.127193	-2.716776	-4.450124	-4.328937	0.346097	-2.185654	-1.086034	-3.356992	-3.810601	0.8155191	1.600888	-1.421483	-5.223778	-3.303849	-2.788473	-2.414801	-2.07432	-1.935736	-4.137967	-4.084288	-1.619493	-4.110341	-0.4502503	0.5883121	-1.292662	-3.978562	5.939575	5.497891	1.586406	0.3458822	2.859433	4.879165	5.188154	1.520219	-5.429003	-3.690608	8.074529	4.522713	3.06302	2.027029	-2.159976	4.105707	9.206799	9.284884	8.114714	-0.5712119	2.79241	1.400768	2.148738	2.362545	5.123515	0.6309106	5.939056	1.206162	3.183926	5.555361	5.635593	-0.795711	11.77322	6.742867	-1.280883	-3.919966	-0.3021212	10.05416	6.415232	-1.002042	2.629322	3.421586	4.731566	-0.9178755	4.66288	-0.9032529	3.758314	-3.669759	1.045066	-2.694808	5.007662	-0.8187348	1.030496	-1.595201	-2.041766	-3.073206	1.999566	-4.184032	-2.975688	4.05764	0.06397367	2.78037	2.197668	0.5068007	-1.729922	0.636003	3.534817	-0.4720833	-0.7719461	-5.697653	-3.083498	-3.175155	-4.702401	-2.142608	4.003745	2.871474	5.018036	0.4872577	-2.037452	3.047098	2.201689	-0.1692359	-3.695351	2.928988	-5.931045	-4.226886	-0.5330288	-4.875919	1.754963	-0.07477123	-4.054376	5.11253	3.961065	-4.754074	1.208814	2.502655	-3.566661	-0.5732862	-5.244736	-3.874119	-5.125241	-0.0601992	4.379789	3.490813	-2.874965	-2.257111	-4.712551	-3.77909	-3.588954	-0.9612946	-4.333412	-1.760792	2.451274	-2.990608	-3.447695	0.5892987	-4.208597	-1.391252	-2.729929	-1.203133	3.116646	5.199438	4.637648	-3.350364	-0.06347007	-0.520209	-3.957675	-2.749152	1.268936	2.341904	-1.28205	0.8507857	0.4214936	-3.827757	2.992583	-3.685482	-2.446795	-1.769539	4.273503	0.8564816	-1.814057	-0.5169235	-5.431875	0.621772	-1.995358	2.419824	2.962144	-2.355926	-5.815661	-3.676042	-2.593836	-4.004406	-2.621631	3.290458	-4.363987	0.3282025	-4.707911	0.1106453	-4.595362	2.080957	-1.842353	-0.8513019	-3.316039	-1.606174	-5.735991	-3.748401	-5.319813	-4.160934	-5.083006	1.184776	1.467664	2.840352	0.8450659	-5.044606	-2.036101	-0.3183078	0.721406	-0.4072222	-1.289989	-2.880591	-2.302016	-0.817014	-1.788613	-3.868961	-1.250535	4.495394	-3.92978	-4.430843	-0.1195902	-1.998513	-1.694529	-2.340812	1.003039	-6.441204	-3.854969	-1.804389	-3.312837	-7.053678	-1.805701	-4.061417	-5.291136	-2.216553	-1.578956	-1.705006	-2.714791	-4.732952	-5.701537	-3.302566	-2.31099	-3.294304	-3.254574	0.4086547	-1.837213	-5.746318	1.955343	-4.368757	-3.866676	-2.566796	-5.596985	-2.440533	0.785707	-3.627033	-3.927083	-3.492304	0.795126	0.2399103	-4.345496	-2.032001	-1.063689	-1.316041	-5.530149	-5.871133	-2.67907	-2.843914	-3.552416	-3.477382
ZOZOW1T-7013	-0.2237654	-3.433145	2.199755	-4.836213	-1.079119	0.823311	-1.445563	-1.582638	2.331414	5.981671	0.08804615	4.512517	-0.6772038	6.60472	2.337638	-0.7308195	1.178912	-2.187305	4.393482	2.359031	5.490438	-1.793015	-1.953163	4.986418	7.771208	5.006771	3.724381	7.715534	8.766802	3.536929	-3.829096	3.641854	-4.628311	-4.839197	3.264645	-3.364141	-2.989827	-0.959806	-2.471432	-2.115779	-5.795342	-2.116541	-5.562983	-4.108876	0.1193016	-3.598321	-1.119439	-4.562427	-3.001637	0.8296897	1.324397	-1.443505	-4.18907	-4.03205	-1.935508	-1.401028	-2.459552	-3.691195	-3.996453	-4.11358	-2.398823	-3.739617	-2.224241	0.9370725	-2.843509	-2.928292	6.044907	5.592521	0.8485479	-1.357355	3.809108	5.673289	4.96954	2.026215	-3.390173	-1.914565	10.96211	4.732189	7.318435	0.2637334	5.108724	4.926825	9.046258	8.882539	7.533151	-0.2511344	1.934601	1.414977	1.732498	1.088094	4.348505	4.050628	5.492167	1.17395	2.821331	7.018417	5.424618	1.020053	11.5116	5.910138	-1.443213	-4.188598	-1.327214	9.716142	6.860371	-3.167992	1.988119	3.386076	4.547782	-4.069111	7.258759	-0.648325	4.115615	-4.300602	1.40649	-0.5821739	5.372326	-0.1495824	-0.2387444	-2.813528	-5.649261	-3.010623	1.890442	-4.051419	-1.519232	4.01317	-2.242754	3.628556	1.834412	0.3402447	0.8959914	0.6133618	3.673538	-1.577073	0.5741632	-5.955017	-0.702121	-4.131408	-4.444779	-4.724799	2.962042	2.472652	5.68809	-1.334149	-1.619371	2.250181	1.874846	-1.028188	-2.639679	-1.443369	-5.371043	-4.763439	-0.4028852	-5.488983	1.280157	-0.1147004	-4.27229	4.746469	3.911652	-3.65503	-1.906115	2.496472	-5.500091	-2.03415	-4.868099	-4.141592	-5.145133	1.317999	4.497058	3.467857	-5.39328	-2.063876	-3.86647	-4.458905	-3.360866	0.4509144	-3.805137	-2.468311	2.40574	-3.481703	-2.849645	0.2974019	-3.817107	-4.742768	-4.202344	-2.63737	4.175726	4.720045	4.25118	-3.267648	-1.519268	-1.701712	-5.588648	-3.0082	-0.09434351	1.492595	-1.109511	0.8092618	0.2323021	-1.225829	4.437059	-5.51243	-2.754406	-1.601303	4.342071	-0.0120095	-2.417629	-0.2977573	-5.070356	2.949335	-2.48023	2.926565	1.623234	-2.828801	-5.158413	-4.899142	-5.726634	-3.784101	-2.000755	4.263505	-4.063236	-3.648763	-5.297953	1.236826	-4.243442	1.146158	-2.118259	-2.099958	-1.796176	-1.659118	-5.452473	-3.775321	-3.805035	-3.495685	-4.71729	3.649392	2.729875	1.836082	0.8283741	-2.27889	-4.013805	-0.6520857	0.4301744	0.7548963	-1.918764	-4.730213	-2.501323	0.7913136	-2.517595	-3.585188	-0.978793	4.357879	-5.298891	-5.054362	-1.545214	-3.26412	-2.097915	-3.258926	2.10524	-5.878885	-5.880938	-4.894935	-4.730863	-4.626444	-1.827928	-7.696792	-5.927199	-1.650974	-1.271648	-1.503884	-3.388415	-5.274201	-4.729636	-1.40508	-0.6929688	-3.409272	-3.971942	0.4648527	-0.583353	-5.528099	2.224103	-3.398355	-4.627438	-2.316644	-3.594632	-2.745813	-0.04953091	-3.847196	-3.412745	-3.085627	-4.238682	-0.01100628	-2.720488	-1.864434	-3.776679	-0.8762112	-5.655511	-3.431151	-5.972857	-2.970551	-1.762284	-4.702459
